province_id,province,gdp,1995,1996,1997,1998,1999,2000,2001,2002,2003,2004,2005,2006,2007,2008,2009,2010,2011,2012,2013,2014,2015,2016,2017,2018,2019,2020,2021
15,Khon Kaen,Construction,8396.178402,8837.024408,7045.033077,3988.494146,5069.082711,3855.009422,4801.378681,4860.922503,4943.844834,4590.589395,4710.010303,4565.755574,5402.245916,4283.848269,6712.035241,6151.277714,5671.220736,7057.494781,5670.440121,5118.092184,5465.179405,5246.970309,4956.433068,4971.811374,4985.884863,5293.796693,5551.636307
23,Udon Thani,Construction,2435.255522,3168.628098,2113.76817,1370.566801,1524.041426,2781.720157,1427.849866,1811.885986,2108.761893,2180.583097,2094.320274,2151.976207,1965.730472,1831.294674,3545.654267,2414.263989,2801.789874,3111.645099,2695.296547,3268.987466,3365.362986,3417.22844,3222.131986,2184.224389,2252.719007,2398.842828,2576.762803
16,Loei,Construction,945.408066,1184.727375,1105.164657,674.887443,568.374091,885.891713,806.838481,821.485828,815.436595,881.572439,924.552282,916.611899,1051.833765,837.050561,1099.758919,1091.302495,1284.92571,1169.050887,1347.493521,1260.718831,1251.98937,1404.235108,1493.346055,1486.268322,1543.846263,1432.418225,1414.478568
13,Nong Khai,Construction,1877.905064,1882.543829,1562.205302,1157.246685,808.996399,786.239026,836.205589,904.836966,731.288222,1005.178726,875.173768,1001.787342,1020.976075,1054.082386,1163.680736,1040.819295,825.556744,1075.098944,1052.327138,1100.36952,1234.289255,1195.638076,1058.744766,1017.497837,896.011277,1000.545635,1053.345378
61,Mukdahan,Construction,1004.027442,1078.439936,569.380559,370.29515,343.399035,520.798065,413.362115,513.661651,505.03588,488.842373,606.691329,510.618175,513.816541,496.058708,542.726194,506.300181,614.439442,653.997677,838.572776,830.761251,969.51751,871.236371,829.950046,722.959881,799.546829,761.775664,812.985764
72,Nakhon Phanom,Construction,936.721329,1612.595962,1285.883571,922.836166,1132.554919,527.077857,401.459671,754.662466,924.336707,888.266754,810.578623,901.616092,1102.244957,948.887477,1491.051082,1517.50173,1530.519537,1505.056153,1399.075817,1329.721272,1520.167673,1753.97464,1548.986044,1723.063567,1671.631494,1796.316645,1883.476779
24,Sakon Nakhon,Construction,2482.429998,4061.11398,1943.661136,1212.329854,1350.138613,1292.657598,1138.693655,1263.822033,1092.198008,1141.787352,1451.069539,1439.544569,1439.288569,1284.186604,1733.918521,1550.768895,1413.662593,1507.958579,1711.483797,1797.806545,1820.809129,1906.158279,1810.59837,1981.553997,2051.909339,2120.155324,2068.862703
20,Kalasin,Construction,1896.89922,1793.865732,1107.668286,780.010749,811.826559,747.564584,574.601419,854.163633,924.814351,1078.787622,1037.314424,1279.167252,1188.786601,1102.073925,1759.137061,1445.805881,1888.940012,1776.118723,1720.002444,1759.986151,1877.845887,1899.109087,1852.339229,1815.877426,1779.042183,1902.273122,2011.385471
6,Nakhon Ratchasima,Construction,10893.9409,12558.72989,11824.70558,5446.342215,6511.563331,6485.124833,6144.317013,6232.81937,6563.666709,7027.68802,7775.65888,7030.125551,7140.999741,6078.238095,6924.228828,7751.885473,9782.09325,9999.110048,9465.485722,8807.857896,9151.200168,10316.83967,10407.93208,9924.046148,9931.51294,9266.952848,9724.624723
9,Chaiyaphum,Construction,1357.515533,1645.511199,1183.185301,694.75783,817.979466,901.540452,739.391942,778.954693,707.967796,976.420432,844.2049,932.117212,919.080486,844.988879,1953.427518,1156.132516,1354.184232,1328.765787,1313.299922,1272.051677,1486.476156,1547.959915,1421.95294,1574.130253,1691.25064,1976.17851,1857.201454
31,Yasothon,Construction,1064.472515,1118.731304,815.986205,514.620844,537.257385,562.029058,454.340543,599.276444,488.876989,594.712133,496.088256,666.794458,471.395609,468.606103,625.671252,760.12558,720.792083,849.361852,916.881125,938.204082,806.357295,925.563849,832.269451,599.366258,1026.267839,1015.466019,1106.634808
41,Ubon Ratchathani,Construction,4419.677158,4904.933247,3511.572478,2311.423174,2696.091961,2846.437781,2421.456394,2604.750247,2544.493674,2041.290152,2336.536483,2038.574205,2042.348775,1901.723545,2815.31448,2552.698246,2815.352665,2879.908092,3315.50355,2701.894147,3346.635446,3805.261559,4027.673342,4038.253342,3904.054943,3800.369551,4127.045814
0,Roi Et,Construction,1534.743126,1652.134508,1228.744264,792.843443,528.070668,752.919502,625.724914,903.095171,1016.97689,1072.531124,1083.505455,1326.772382,1325.451272,1183.308173,1665.635483,1808.605951,1591.028262,2395.842955,1820.569072,1681.372801,1812.245343,1925.434777,1751.385651,1922.984923,1956.157677,1954.032929,1973.225806
35,Buri Ram,Construction,2533.841154,2784.971503,1972.30657,1322.056406,1128.386717,1322.109675,1252.816229,1315.284441,1067.813028,1445.020073,1470.958456,1719.190089,1733.756904,1754.662732,1749.960419,2225.113302,2080.41335,2099.105922,1804.729928,1682.033461,2095.104985,2238.900035,2236.450607,2706.387664,2786.087233,2932.927587,3055.041107
5,Surin,Construction,2051.968526,2182.62832,1479.81301,968.79774,937.806656,938.4378,751.99242,1038.219624,954.177355,1163.437486,1040.24029,1215.136847,1312.667168,1222.375512,1457.488932,2040.863625,1608.489618,1629.367935,2037.932638,1912.273054,1879.434957,2169.971125,2264.020056,2449.951186,2766.344152,2953.028478,3247.307273
46,Maha Sarakham,Construction,1777.091963,2259.864714,1787.095593,1510.019934,1723.103129,1115.709087,842.580831,997.514092,833.29205,926.031843,1165.336461,1574.411623,1165.561151,1324.899942,1688.181946,1620.730263,1472.364635,1677.824737,1465.366984,1349.529194,1761.189843,2068.85079,2091.507826,2307.170453,2119.930923,2344.324481,2479.289275
12,Si Sa Ket,Construction,1818.191063,2106.173951,1382.863335,816.767653,756.838074,738.494415,718.312872,912.160148,949.980971,1109.962952,1133.45259,1221.792481,1397.446294,1241.324567,1597.093358,1608.695835,1539.598262,1422.657361,1572.869577,1813.447666,1753.648098,1955.170445,2037.507082,2113.415362,2027.204406,2114.436443,1989.939308
3,Nongbua Lamphu,Construction,602.310227,844.575967,691.864074,333.366415,352.869064,423.801693,276.35357,328.797592,336.334165,598.066916,479.676669,507.757624,518.257074,404.41872,521.782209,423.801322,479.928869,524.184989,619.453372,575.972941,790.896834,837.384743,749.385049,928.00521,934.058409,1008.497185,1114.251596
67,Amnat Chareon,Construction,885.934316,1275.158984,906.155864,299.79972,372.218871,414.441511,333.802742,429.824848,470.71973,545.032165,454.163087,359.653548,731.733895,485.571089,535.983956,625.584144,528.351939,602.656294,694.139991,651.38524,630.560372,685.605208,639.389787,647.688635,607.806111,669.395224,732.786502
39,Bueng Kan,Construction,0,0,0,0,0,0,0,0,0,0,0,0,0,0,0,0,300.740558,520.140226,647.033597,891.38798,572.406527,608.971213,901.596727,914.512162,1083.832131,1097.717981,1090.321697
65,Chiang Mai,Construction,6998.437497,7952.83876,10356.55051,5826.628886,6090.763893,4404.940675,6653.961208,5699.745986,6419.930208,6246.741944,7284.217916,6171.694358,6444.862436,6717.411864,6323.236069,6865.273306,6816.724352,9150.485517,9608.064601,7473.204394,8634.855602,9979.512145,10003.95032,9966.533197,9055.843571,9088.007979,8648.685181
37,Lampang,Construction,3078.895773,4725.949132,3409.192284,1647.292024,2037.630286,1610.232058,1595.028429,1864.281847,2087.39248,1620.712361,1602.457164,1642.450745,1895.813993,1484.524428,1930.27405,2605.7795,2200.216338,2214.008612,1958.712215,2315.996611,2233.891942,2318.838933,2339.547319,2457.807852,2443.051968,2550.213014,2660.54744
34,Uttaradit,Construction,1054.38717,1746.265222,928.218131,520.751062,679.147261,674.146464,575.96507,617.537901,706.454102,874.230825,977.142837,913.868878,940.102265,946.061833,1064.441391,712.45573,915.294965,1186.149478,1142.839754,1114.328085,1128.623204,1312.186636,1361.619458,1553.141279,1456.479714,1606.486618,1801.609883
74,Mae Hong Son,Construction,398.999864,446.670381,367.601548,267.070524,228.559368,330.190459,296.462253,379.668781,393.231689,453.375875,346.023832,449.049583,695.677071,520.764722,546.974344,607.074762,615.573959,514.667602,574.404559,551.339544,915.51716,575.016304,722.508939,638.116713,614.510867,600.750676,660.421741
25,Chiang Rai,Construction,2295.653836,2636.245708,2086.97414,1484.542354,1766.514859,1303.496019,1200.737154,1869.923934,1870.355812,1524.554444,1821.556089,1767.352548,2009.822611,2055.978318,2153.053194,1492.022293,1674.980493,1597.260639,2301.326419,2360.02421,3040.143182,3460.968218,3387.502646,3799.879215,3801.368647,3696.872922,3751.274843
32,Phrae,Construction,1105.574563,1392.695012,1007.101068,599.870678,652.488798,782.325906,775.228055,1257.949022,990.493474,1192.986711,1379.585774,1350.904889,1171.690036,1279.521464,1062.195185,1127.521207,974.724668,1106.686703,1069.448607,966.118598,886.679382,1067.48715,1089.050182,1068.690592,1119.463452,1111.420881,1104.990988
28,Lamphun,Construction,900.551815,1013.472053,837.958202,385.771139,478.772465,757.479338,664.92224,871.479958,1108.8561,1051.808247,1414.545919,1329.309279,1233.674445,1076.548517,1022.703387,850.679762,1011.926221,1069.002546,1033.037187,1144.494402,1389.184736,1222.885035,1227.474876,1470.618438,1615.112369,1704.694199,1503.844361
70,Nan,Construction,1635.927985,1813.217652,1628.098488,773.223847,816.73317,808.392753,892.108405,1138.590804,990.506994,822.888005,801.034963,702.618487,835.808711,795.287095,789.959014,768.23576,726.888313,1101.397722,980.418533,926.026399,1138.904611,1320.798979,1317.463363,1343.374445,1365.251158,1464.715046,1802.280121
1,Phayao,Construction,1176.862708,1426.661733,802.444469,543.4004,534.216007,508.74149,452.899175,584.868016,515.142092,695.105823,678.703591,756.329842,909.911955,757.035608,866.363998,816.219374,745.53584,773.884509,818.157866,779.204925,997.042925,1441.478843,1325.514623,1302.032587,1380.903028,1377.933477,1318.341035
2,Nakhon Sawan,Construction,1959.395776,2390.561391,1781.34294,1260.764942,1314.587328,1084.762325,858.106183,1440.06385,1649.446038,1919.094077,1957.046139,1882.36149,1737.564985,1492.591706,1894.78338,1810.199055,1622.29349,2547.862258,1829.983948,1816.507442,2608.975443,1960.029764,2142.356335,1764.556995,2008.488301,2480.500363,2691.2689
21,Phitsanulok,Construction,3460.292039,4634.581056,3589.041821,2547.613224,3259.064103,2226.603122,2197.309686,2569.694377,2582.387253,1970.234376,2420.051899,2956.690298,3145.845604,3087.275537,3041.386166,2934.145727,2488.14916,3050.520838,2664.841037,2862.885815,3550.628822,3604.055235,3582.456491,3288.539217,3448.048062,3367.372892,3379.113671
36,Kam Phaeng Phet,Construction,1580.985823,2246.631012,1638.441424,1166.738878,1025.571122,993.186183,794.013321,828.101948,1000.805143,1115.729802,1120.714454,1324.313073,1371.788754,938.781864,1195.24888,1314.077079,1318.047347,1447.40589,1399.866089,1437.455765,1242.682543,1513.671825,1372.872259,1452.469642,1555.601856,2098.788398,2110.613702
18,Uthai Thani,Construction,781.713771,740.100258,662.426004,508.611569,402.644792,487.170536,346.260542,427.857134,524.326231,725.847292,553.357681,488.090467,508.712462,541.514142,778.113246,644.318974,761.224091,955.342825,844.886517,764.947966,741.378524,880.389995,826.263449,864.917218,996.035761,991.353365,975.530969
7,Sukhothai,Construction,1048.781187,1122.173655,1002.830971,784.071178,694.520447,586.16063,603.552572,788.524901,1131.31832,917.664518,997.980384,921.78139,1589.110937,1307.494481,1227.373766,1312.722464,970.884121,1113.3422,1149.736015,1212.527301,1302.482009,1420.752701,1392.625931,1546.148481,1633.883665,1876.218901,1728.791153
26,Tak,Construction,1435.763386,1671.974938,1381.164465,926.389438,947.455873,798.325956,847.920534,828.628391,1012.257506,1297.088481,1243.209538,1232.620322,1542.249294,1295.204644,1429.857221,1417.412416,1130.761798,1872.812195,1335.777637,1514.58019,1469.279109,1335.230883,1310.446832,1357.136545,1520.555952,1673.143255,1674.847785
54,Phichit,Construction,1326.123345,1471.85724,920.638418,612.402852,886.39096,885.56203,808.159364,912.315537,666.642803,856.319151,909.492048,832.510945,1003.109526,927.892841,1051.716503,1040.353722,1089.445421,1297.017934,1191.298499,1142.30668,1118.757143,1190.832269,1269.125966,1302.393178,1269.075251,1486.85266,1221.131564
10,Phetchabun,Construction,1852.118753,2058.55491,1304.607963,944.038124,884.638616,922.547791,1128.502167,1185.775603,1030.618858,1355.701113,1277.978751,1308.095495,1604.017821,1428.063365,1831.825057,1761.774617,1472.387065,1310.230128,1740.445454,1538.999764,1749.661421,1876.325354,1803.193035,1940.47598,1980.244475,2207.307246,2151.268879
44,Phuket,Construction,1555.009996,2487.127031,1520.621221,1308.854871,1866.156966,2084.960731,1889.218517,2308.371197,2872.167733,2902.306681,4002.604324,2921.302522,4507.027959,4486.699265,3247.125192,4622.605589,3600.664891,3581.123236,3928.656991,3502.932425,3788.440154,4181.774602,3589.09485,4504.12696,4547.842524,3030.85648,2892.408432
11,Surat Thani,Construction,3345.620526,4773.87677,2293.929193,1768.681723,2139.85225,2894.965936,2149.1574,2678.296193,2733.56771,2681.272744,4165.708875,7112.713999,2796.224735,3910.732613,3290.406138,3197.762266,3438.019281,4190.800091,3466.965288,3238.163051,3230.946489,3227.029187,2755.686767,2891.282877,3560.436219,4359.908382,4504.398739
22,Ranong,Construction,598.194356,378.80769,556.558687,203.545177,228.156547,207.996904,281.057405,328.081378,264.0959,409.095602,406.325834,464.883219,550.628603,493.68382,662.465603,672.177379,626.277827,512.982413,588.225367,442.664403,621.414499,751.481263,744.372881,757.664291,890.677553,760.17951,706.605691
56,Phangnga,Construction,416.412672,564.187984,533.508336,172.491712,202.717,251.334437,351.364457,449.496985,460.841957,581.992641,699.078883,579.50387,672.411814,730.190403,674.448017,612.247725,534.378477,636.875521,645.040634,493.287121,612.814842,796.840185,727.027904,809.144441,841.806955,999.809353,991.42471
63,Krabi,Construction,670.01976,1094.783206,739.766386,660.527497,716.046343,834.033354,644.921596,860.110272,1032.720117,919.265422,1006.423759,752.848431,894.688399,1044.338753,1039.798515,1094.860426,979.824935,1414.459634,1338.210239,1421.236692,1832.63491,2058.477014,1580.942191,1734.069197,1817.618468,1691.909774,1715.230718
19,Chumphon,Construction,929.915681,1802.944225,750.45033,699.23674,548.084361,803.773499,860.336422,852.544591,863.634542,1005.958259,1069.432293,1034.722312,1326.467471,1130.55731,1485.164247,1512.481225,1161.788124,1211.867336,1357.190151,1407.481177,1735.232141,1875.847904,1819.555715,1838.879465,2007.596983,1988.872981,2220.20983
59,Nakhon Si Thammarat,Construction,4446.810641,5601.596596,4140.104867,3627.086895,5089.979915,3130.254347,2608.006867,3896.806249,4345.11109,3984.036452,3724.125515,2601.299996,2525.48689,2125.189845,2487.316348,3337.780362,3272.09977,2960.611135,2686.392879,2887.357412,3911.102385,4411.939174,4056.10087,4115.055612,4705.939138,4889.190661,5034.734582
43,Songkhla,Construction,8534.716181,6888.612184,6059.559665,4693.020775,4626.063994,3835.740875,4497.905511,5093.172549,5702.787613,5364.765822,5879.357872,4544.395787,4984.684255,4846.584919,4633.017142,7370.978662,6615.41176,7445.483984,8875.103547,6678.557474,6598.170811,7494.285592,7705.063074,7469.310711,7924.5208,7623.290407,8143.789263
76,Satun,Construction,1442.945897,1194.274274,562.165182,374.157127,402.8272,365.947447,427.611675,607.119792,430.779845,498.102387,507.52193,556.313604,700.8867,570.550047,879.871838,710.017417,718.245627,757.783441,727.807108,879.565303,778.677323,889.88209,899.947456,932.84647,893.400009,992.70014,1047.828626
33,Yala,Construction,1351.541541,1304.60217,848.91986,660.122438,646.54034,722.821194,596.555645,761.155994,1016.615313,773.792531,813.273563,875.680316,849.476524,1126.584817,1146.721412,1405.914552,1113.201998,1086.419803,1166.702617,1240.621856,1613.845716,1739.332032,1643.306829,1661.36951,1687.118458,1815.776808,1992.721783
47,Trang,Construction,1715.532602,2445.245276,1317.726273,873.257833,912.466489,800.597197,899.427746,964.19437,1156.702081,1142.593459,1184.647674,1047.90315,1226.115466,1160.268501,1251.984405,1442.747407,1215.060408,1316.702771,1192.789051,1308.338568,1516.693045,1922.967788,1663.974458,1808.031374,1810.765405,1796.723804,1727.371154
40,Narathiwat,Construction,971.255506,1634.260044,908.206095,684.282698,613.620919,738.792667,663.575474,897.91042,977.432851,827.922874,809.68783,797.553622,900.058447,1163.371333,1320.930602,1558.030457,1366.801595,1144.223555,1127.290033,1081.523826,1415.626273,1536.599769,1472.797226,1468.822832,1729.51162,1785.065536,2023.340181
55,Phatthalung,Construction,883.507616,1069.803632,640.381419,523.054138,350.816645,383.008282,400.963003,524.165121,377.179404,668.964761,1036.269461,823.221121,789.57221,657.551312,837.699757,947.181885,1178.529542,1101.491243,893.286373,1069.278445,1145.670071,1153.205337,1059.526615,1090.314114,1155.022403,1417.682882,1442.438456
57,Pattani,Construction,1116.627728,1286.034953,800.158001,567.846514,538.137831,610.962981,650.940317,839.317262,811.943551,855.03007,797.977479,725.888234,901.115596,955.119544,996.498153,1068.558551,980.852205,884.696889,922.728192,1087.059059,1141.761478,1316.098903,1186.885599,1285.456622,1509.981426,1524.039184,1704.678733
64,Chon Buri,Construction,9580.639988,11321.5748,8292.781375,5746.990994,7867.610002,8076.2958,7646.841172,8527.794778,9442.359579,8380.56513,9900.148487,9308.25054,11702.49408,11803.77784,9581.249811,10749.90793,10889.65683,10367.03408,14116.22081,14359.70905,15895.27264,16667.38242,12859.75599,12493.61095,14556.84719,12682.9899,13179.41569
4,Chachoengsao,Construction,1318.36503,3215.642436,4444.139873,2058.959876,1989.298173,1408.651982,1771.509488,1912.607104,1750.155478,2344.699916,3287.706201,3256.90812,2955.780124,2553.293131,2979.956606,4086.083203,4464.910021,5368.713752,5401.208201,3989.756735,4447.050192,4060.075131,4438.528246,4407.279363,4332.270241,3922.357321,4235.677175
51,Rayong,Construction,3981.570913,4079.140315,2083.506338,1638.81155,1690.675372,1378.85563,1238.351375,1786.58718,2334.763366,2551.673987,3263.529876,3524.893503,3496.011498,3587.747212,4147.879257,4705.497539,3852.387903,3207.902305,4517.032923,3915.230643,5474.245885,5459.387233,4892.605045,5264.489402,5827.657306,6875.879948,7233.312387
29,Trat,Construction,712.72691,574.280166,591.378986,310.023798,225.976987,301.151641,331.631927,235.833366,204.931243,433.69287,423.949882,505.284794,524.390869,517.296537,507.841534,448.461876,405.097867,389.252454,678.008783,781.53113,927.773563,1052.364635,962.975907,974.993403,1005.985107,1091.044658,1019.654408
71,Chanthaburi,Construction,1561.750865,2090.81453,1101.865931,743.990235,561.329171,662.584594,573.417643,887.080815,894.449396,1015.069402,1074.015541,957.199302,1195.275887,1114.867919,1146.010044,1545.205859,1950.707726,2723.794222,1894.278706,1639.607518,2174.189366,2716.425454,2329.110987,2448.851817,2884.651176,2462.564197,2455.332111
60,Nakhon Nayok,Construction,449.196515,599.795123,550.419984,535.300874,466.435896,593.001195,1086.423962,1374.888283,1427.72568,1164.027744,690.143061,478.953868,630.777213,547.067649,703.695499,694.949189,598.395569,651.057338,562.024261,864.632154,1439.645782,1843.469197,1561.708763,1521.487987,1559.528245,1717.004237,1695.574637
52,Prachin Buri,Construction,1289.609467,2097.390276,1387.143775,762.803236,1169.955011,881.49196,616.823014,580.790799,637.717701,708.040269,706.300934,709.255428,745.089123,631.366242,881.363524,848.52276,1251.65185,2145.586365,1605.89342,1558.051492,1557.494345,1387.557861,1473.342497,1381.306264,1431.100212,1458.376634,1569.017089
75,Sa Kaew,Construction,1026.898506,1446.181759,1043.162878,549.133646,664.888133,663.976428,538.01858,698.592805,615.673877,666.335184,1355.969194,1096.799541,852.417135,924.038595,1285.790335,682.841326,898.728089,1035.886307,862.550978,915.285409,1167.762403,1386.805793,1733.919533,1393.53292,1410.854473,1694.450004,1450.626269
30,Ratchaburi,Construction,1955.858703,3020.747676,1948.40313,1446.037996,1631.895059,1163.827952,1092.37989,1105.897407,1379.807614,1714.063878,1679.321182,1578.417886,1813.122781,1887.587984,2247.070177,2071.286092,1972.326876,2527.924215,2371.721348,3300.099031,3595.368652,4125.753543,3989.948379,4194.463037,3985.320187,3669.910428,3952.191416
73,Kanchanaburi,Construction,3356.719096,3339.249455,2983.549509,2100.318883,2018.331307,1716.733018,1917.429693,1781.601946,1513.686712,1380.379255,1724.517318,1165.662334,1307.708228,1185.881557,1580.374353,1634.788735,1490.270655,1366.206309,1604.028896,1565.004046,1574.485268,1843.446303,2159.558537,2763.906708,2976.826153,2985.818842,2999.68464
42,Phachuap Khiri Khan,Construction,1992.163822,2564.519312,1499.287082,763.613557,739.266397,808.838672,762.823737,1291.949386,914.048816,1719.262963,1843.453781,1610.964169,2231.502019,2303.756601,2040.83724,1917.709011,1776.533309,1848.929076,1893.469418,2318.39754,2832.667257,2957.965301,2477.260882,3006.792978,2884.751098,3120.408079,2733.900814
8,Phetchaburi,Construction,2185.607201,2340.623637,1988.662099,1317.063352,1460.744775,1167.047163,1785.255719,1624.849252,1684.587079,1864.077059,2016.450791,1503.572974,1812.068397,1941.976735,1682.114676,2318.562262,1623.442247,2081.017215,1879.173273,2204.220824,2422.680848,2407.644818,2379.443966,2534.600773,2876.051518,2768.665442,2943.561697
48,Suphan Buri,Construction,2368.826757,3281.380572,2453.569835,1919.369492,1869.733044,1838.950283,1610.028749,1247.41962,1084.913526,1330.559689,1334.623295,1295.867115,1154.244834,1158.616591,1683.626968,1525.310956,1596.481198,2099.044659,2026.77675,1813.06453,2238.224205,2556.861755,2422.205339,2578.115977,2338.761986,2882.378437,2428.713801
50,Samut Songkhram,Construction,490.186513,497.602258,449.553885,255.125463,187.874008,227.765651,163.648074,266.234266,311.996488,368.761726,347.883227,437.861118,400.652065,483.10839,490.828007,488.080094,577.032314,559.002933,641.173186,688.46674,631.447579,754.039149,924.321568,785.880519,788.108543,744.901611,823.525765
17,Saraburi,Construction,1803.192302,2687.311533,1623.958195,1265.428654,1046.209277,1145.408479,990.173788,1357.676471,1311.323006,1630.743482,2210.564458,1685.25836,1625.682919,1371.999917,1610.203276,1928.185741,1751.633642,3102.391978,2158.335771,2849.42018,2798.811364,3114.530379,2179.691058,2013.988057,1769.010733,2583.55123,3100.515615
49,Singburi,Construction,657.483223,476.495359,436.678345,251.234926,250.396499,310.032791,238.202508,375.039221,302.912094,377.747079,382.697983,460.754633,560.48147,440.202345,502.415378,420.319667,514.102657,1020.07592,565.545235,511.71596,534.530905,571.63715,568.027128,574.859457,549.602745,669.266742,685.613606
66,Chai Nat,Construction,2445.278768,2637.074471,2377.790639,1651.857256,1608.285095,1871.275212,1813.73259,1716.779023,1351.419485,909.29455,666.864837,592.911644,702.880491,650.723354,720.28039,667.323474,1040.591218,1530.350727,929.289137,930.534128,780.070275,836.746353,782.114341,1038.013371,1208.394315,1583.510841,1691.957969
45,Ang Thong,Construction,572.457728,597.562874,492.720338,374.332236,363.305328,276.576198,253.904926,305.452751,294.019596,464.075422,541.226238,546.885746,694.304461,523.421858,787.522315,717.795617,722.478134,1467.792134,535.66259,571.341188,672.273737,757.246339,754.986456,723.872572,728.298863,924.031832,758.183169
62,Lop Buri,Construction,4101.887954,8890.070599,6146.229797,3307.317728,2394.115813,1751.09721,2235.049567,2224.446077,1967.521154,1812.17694,1954.993207,1752.23686,1388.562326,1196.013095,1813.867185,1807.406749,1724.656798,2251.467669,1613.685746,1436.796592,1519.627579,1548.763997,1437.311574,1791.932812,1973.274239,2206.088013,1631.028551
53,Phra Nakhon Sri Ayuthaya,Construction,1912.238371,6018.578115,1921.414392,1215.73415,1454.90072,1622.295149,1597.214372,1677.612561,1700.272527,1911.339707,2280.997039,1984.490074,2831.992058,2178.843033,2124.40526,2612.418896,2211.685268,4083.2005,2130.267476,1946.624496,2619.326247,2923.317981,3510.146486,3655.24021,3291.875403,4125.38187,3313.765378
14,Bangkok,Construction,178880.4499,171645.471,119969.515,82264.59259,61744.1937,48895.64719,50381.76983,44883.13035,42845.50221,47403.32126,55266.92334,59363.07048,59180.70942,58332.48468,54147.50531,61662.18908,60226.90287,54656.25245,52925.82286,54703.47175,70860.79679,74012.69756,76141.97077,75885.05839,74387.82538,77130.19856,81588.00677
69,Samut Prakan,Construction,1619.354524,4517.304408,2092.924141,2528.086034,2435.524032,3063.422005,2743.706117,3459.625436,4153.491858,5599.702058,5813.496773,7739.548857,9238.436628,7018.635672,6224.589395,6825.656589,5336.017572,5918.496336,8663.415329,6951.440059,6480.443123,7497.993588,6836.383745,7817.322413,7122.094836,7460.813166,6348.124559
58,Pathum Thani,Construction,8659.523617,11383.94488,5448.948216,2015.888743,2272.569451,3108.854302,3699.979046,4799.790643,5894.403538,8774.406318,7157.639078,7311.956475,6219.362324,6048.859745,6776.766859,6308.099461,4799.656728,6673.445846,6211.782494,6276.565461,7543.289681,8676.87606,8489.159464,8139.475948,9568.860945,8090.484629,8462.813653
68,Samut Sakhon,Construction,966.519097,1792.261244,2160.844821,2700.069953,2311.261035,2470.400722,3100.631365,2714.176969,2886.64416,3590.200873,4044.221828,3777.84292,4546.051464,3217.810175,2889.047483,3719.515175,3413.131605,3746.481392,4608.563275,3782.990112,4822.950794,5268.003511,4986.761281,5339.616311,5825.291979,3925.782555,3920.981149
27,Nakhon Pathom,Construction,5486.879624,3826.146682,3346.269041,2989.618488,2140.836003,2534.671714,2807.976306,2887.405154,3513.757048,3861.038866,4106.366725,3953.50022,4171.48747,3814.758294,3462.312497,4030.010364,3583.510433,4495.133192,4866.255996,4193.914495,6007.735897,7668.757176,6928.27401,9156.640459,8123.173187,8966.332885,9185.71071
38,Nonthaburi,Construction,24449.90346,18728.64149,15042.64747,10115.66778,5312.913716,4311.096075,4274.308727,4742.850203,5527.155327,6551.722143,6274.188809,7616.370786,7854.927662,7911.366726,6135.960764,7572.747947,5797.344642,5841.188972,7037.639857,7813.013292,9543.190154,10944.14065,10321.17989,10068.68273,9443.148978,8065.301051,7716.547656
