province_id,province,year,GINIW_province,gdppc
67,Amnat Chareon,2014,0.028416293,32018
67,Amnat Chareon,2015,0.028808158,33389
67,Amnat Chareon,2016,0.032990683,34703
67,Amnat Chareon,2017,0.025361449,36265
67,Amnat Chareon,2018,0.022647107,38833
67,Amnat Chareon,2019,0.022776723,40174
67,Amnat Chareon,2020,0.021297719,40755
67,Amnat Chareon,2021,0.021136016,43248
45,Ang Thong,2014,0.024004927,63484
45,Ang Thong,2015,0.022948308,62673
45,Ang Thong,2016,0.022288455,65490
45,Ang Thong,2017,0.019684682,71857
45,Ang Thong,2018,0.01862279,76088
45,Ang Thong,2019,0.018657409,76341
45,Ang Thong,2020,0.016340625,73607
45,Ang Thong,2021,0.015180251,72228
14,Bangkok,2014,0.014816656,373599
14,Bangkok,2015,0.014613437,386881
14,Bangkok,2016,0.014571207,400278
14,Bangkok,2017,0.014675984,413479
14,Bangkok,2018,0.014910039,430681
14,Bangkok,2019,0.01488985,446455
14,Bangkok,2020,0.013789145,416686
14,Bangkok,2021,0.013634103,416598
39,Bueng Kan,2014,0.019729925,72917
39,Bueng Kan,2015,0.020148778,82094
39,Bueng Kan,2016,0.018194268,85837
39,Bueng Kan,2017,0.013282195,93396
39,Bueng Kan,2018,0.013284444,92622
39,Bueng Kan,2019,0.013558935,96183
39,Bueng Kan,2020,0.011761913,94565
39,Bueng Kan,2021,0.011891494,100578
35,Buri Ram,2014,0.030756885,37736
35,Buri Ram,2015,0.028900912,40071
35,Buri Ram,2016,0.028874354,40829
35,Buri Ram,2017,0.024793271,41818
35,Buri Ram,2018,0.026000772,42441
35,Buri Ram,2019,0.027014915,43152
35,Buri Ram,2020,0.026048707,44683
35,Buri Ram,2021,0.022416646,46754
4,Chachoengsao,2014,0.055504736,322888
4,Chachoengsao,2015,0.052010469,308841
4,Chachoengsao,2016,0.049956832,321846
4,Chachoengsao,2017,0.044808824,312262
4,Chachoengsao,2018,0.042728681,342875
4,Chachoengsao,2019,0.042659115,331080
4,Chachoengsao,2020,0.040850017,285050
4,Chachoengsao,2021,0.038822871,323971
66,Chai Nat,2014,0.030967062,61238
66,Chai Nat,2015,0.029913237,55585
66,Chai Nat,2016,0.030712515,56221
66,Chai Nat,2017,0.027482754,63929
66,Chai Nat,2018,0.028694952,69395
66,Chai Nat,2019,0.029705416,71014
66,Chai Nat,2020,0.028218463,67828
66,Chai Nat,2021,0.026094845,72370
9,Chaiyaphum,2014,0.029540487,36040
9,Chaiyaphum,2015,0.031949233,37087
9,Chaiyaphum,2016,0.032497637,39531
9,Chaiyaphum,2017,0.029320098,40398
9,Chaiyaphum,2018,0.029400788,42916
9,Chaiyaphum,2019,0.029220106,41576
9,Chaiyaphum,2020,0.029169165,41781
9,Chaiyaphum,2021,0.027234264,42974
71,Chanthaburi,2014,0.059933789,104292
71,Chanthaburi,2015,0.057071298,101422
71,Chanthaburi,2016,0.053889275,95312
71,Chanthaburi,2017,0.049479119,109884
71,Chanthaburi,2018,0.047952957,95421
71,Chanthaburi,2019,0.045990672,100232
71,Chanthaburi,2020,0.04378134,105018
71,Chanthaburi,2021,0.043183576,103087
65,Chiang Mai,2014,0.085154012,69873
65,Chiang Mai,2015,0.083443575,71636
65,Chiang Mai,2016,0.084923156,75741
65,Chiang Mai,2017,0.079629727,78560
65,Chiang Mai,2018,0.077950768,81583
65,Chiang Mai,2019,0.078061707,84295
65,Chiang Mai,2020,0.076021388,79278
65,Chiang Mai,2021,0.075987428,78810
25,Chiang Rai,2014,0.04412077,43259
25,Chiang Rai,2015,0.040825516,44163
25,Chiang Rai,2016,0.04028305,45229
25,Chiang Rai,2017,0.037205126,47342
25,Chiang Rai,2018,0.037112799,47210
25,Chiang Rai,2019,0.03723222,47142
25,Chiang Rai,2020,0.033672929,45177
25,Chiang Rai,2021,0.034432504,46202
64,Chon Buri,2014,0.040456191,304459
64,Chon Buri,2015,0.03885394,312285
64,Chon Buri,2016,0.038339086,325957
64,Chon Buri,2017,0.036405213,324480
64,Chon Buri,2018,0.035441414,324552
64,Chon Buri,2019,0.034439053,325013
64,Chon Buri,2020,0.032444347,297187
64,Chon Buri,2021,0.030767247,311972
19,Chumphon,2014,0.041680969,82973
19,Chumphon,2015,0.039838959,78813
19,Chumphon,2016,0.039733499,87333
19,Chumphon,2017,0.037694849,85769
19,Chumphon,2018,0.036484513,92839
19,Chumphon,2019,0.037787449,111864
19,Chumphon,2020,0.036719646,114456
19,Chumphon,2021,0.037199311,115569
20,Kalasin,2014,0.021642279,38090
20,Kalasin,2015,0.022769477,39121
20,Kalasin,2016,0.025724797,40414
20,Kalasin,2017,0.021598496,41306
20,Kalasin,2018,0.020922851,46222
20,Kalasin,2019,0.020346681,45300
20,Kalasin,2020,0.020736458,43643
20,Kalasin,2021,0.021315938,45368
36,Kam Phaeng Phet,2014,0.039344747,74881
36,Kam Phaeng Phet,2015,0.033553053,77276
36,Kam Phaeng Phet,2016,0.035484947,82396
36,Kam Phaeng Phet,2017,0.032775663,83635
36,Kam Phaeng Phet,2018,0.032884352,87439
36,Kam Phaeng Phet,2019,0.033343196,89836
36,Kam Phaeng Phet,2020,0.03333253,82572
36,Kam Phaeng Phet,2021,0.031237474,81036
73,Kanchanaburi,2014,0.066309743,71139
73,Kanchanaburi,2015,0.064586967,71198
73,Kanchanaburi,2016,0.064781033,71521
73,Kanchanaburi,2017,0.062718295,73279
73,Kanchanaburi,2018,0.061555319,82084
73,Kanchanaburi,2019,0.063228749,82706
73,Kanchanaburi,2020,0.061049514,76210
73,Kanchanaburi,2021,0.060365174,77421
15,Khon Kaen,2014,0.046569318,72260
15,Khon Kaen,2015,0.043711443,73342
15,Khon Kaen,2016,0.045319766,73575
15,Khon Kaen,2017,0.039171696,76715
15,Khon Kaen,2018,0.038532451,79656
15,Khon Kaen,2019,0.038688082,78770
15,Khon Kaen,2020,0.03639536,76391
15,Khon Kaen,2021,0.035106272,77507
63,Krabi,2014,0.040624894,123152
63,Krabi,2015,0.037787162,121114
63,Krabi,2016,0.035247359,121680
63,Krabi,2017,0.029798664,126161
63,Krabi,2018,0.028818147,124603
63,Krabi,2019,0.030609494,122499
63,Krabi,2020,0.027447281,98559
63,Krabi,2021,0.025027715,94759
37,Lampang,2014,0.050563112,55940
37,Lampang,2015,0.049094621,55399
37,Lampang,2016,0.048981193,56953
37,Lampang,2017,0.043227646,58433
37,Lampang,2018,0.042284705,59328
37,Lampang,2019,0.042021248,58990
37,Lampang,2020,0.041254546,57930
37,Lampang,2021,0.041438118,59822
28,Lamphun,2014,0.054234128,114765
28,Lamphun,2015,0.052986965,104975
28,Lamphun,2016,0.05314168,106502
28,Lamphun,2017,0.048741493,117637
28,Lamphun,2018,0.047522224,126504
28,Lamphun,2019,0.047771085,126177
28,Lamphun,2020,0.047384232,128305
28,Lamphun,2021,0.046647906,141118
16,Loei,2014,0.037889626,47691
16,Loei,2015,0.036638808,49074
16,Loei,2016,0.034961309,51890
16,Loei,2017,0.030240133,56300
16,Loei,2018,0.029644523,62604
16,Loei,2019,0.032710418,61330
16,Loei,2020,0.031915057,58217
16,Loei,2021,0.031087274,60755
62,Lop Buri,2014,0.039571125,77538
62,Lop Buri,2015,0.03736902,75273
62,Lop Buri,2016,0.03669475,77190
62,Lop Buri,2017,0.028160155,82539
62,Lop Buri,2018,0.030871928,83031
62,Lop Buri,2019,0.031102745,83919
62,Lop Buri,2020,0.030005259,78844
62,Lop Buri,2021,0.02792576,80665
74,Mae Hong Son,2014,0.034230594,26304
74,Mae Hong Son,2015,0.035629697,28693
74,Mae Hong Son,2016,0.034758568,28707
74,Mae Hong Son,2017,0.031964067,29146
74,Mae Hong Son,2018,0.027365057,29962
74,Mae Hong Son,2019,0.029716698,33013
74,Mae Hong Son,2020,0.03029298,32213
74,Mae Hong Son,2021,0.028788563,32398
46,Maha Sarakham,2014,0.031943791,36376
46,Maha Sarakham,2015,0.028229024,37601
46,Maha Sarakham,2016,0.030695619,40039
46,Maha Sarakham,2017,0.024703788,42048
46,Maha Sarakham,2018,0.024195829,43423
46,Maha Sarakham,2019,0.024327639,42999
46,Maha Sarakham,2020,0.022058917,45127
46,Maha Sarakham,2021,0.020057576,47658
61,Mukdahan,2014,0.037676301,37293
61,Mukdahan,2015,0.035635922,37961
61,Mukdahan,2016,0.037931271,38476
61,Mukdahan,2017,0.031250507,40794
61,Mukdahan,2018,0.031831976,40916
61,Mukdahan,2019,0.032232255,42241
61,Mukdahan,2020,0.028343348,38998
61,Mukdahan,2021,0.026063023,41550
60,Nakhon Nayok,2014,0.020839641,58634
60,Nakhon Nayok,2015,0.018529067,59875
60,Nakhon Nayok,2016,0.019998543,61453
60,Nakhon Nayok,2017,0.019209526,62864
60,Nakhon Nayok,2018,0.019333364,69776
60,Nakhon Nayok,2019,0.019027438,70392
60,Nakhon Nayok,2020,0.018888561,71215
60,Nakhon Nayok,2021,0.018109679,68737
27,Nakhon Pathom,2014,0.021471683,188182
27,Nakhon Pathom,2015,0.020279871,194626
27,Nakhon Pathom,2016,0.020559261,196247
27,Nakhon Pathom,2017,0.01974489,191392
27,Nakhon Pathom,2018,0.018798932,196303
27,Nakhon Pathom,2019,0.018422941,196458
27,Nakhon Pathom,2020,0.018252427,189214
27,Nakhon Pathom,2021,0.017892729,193098
72,Nakhon Phanom,2014,0.044918984,38520
72,Nakhon Phanom,2015,0.042603537,39901
72,Nakhon Phanom,2016,0.045540433,42592
72,Nakhon Phanom,2017,0.033965603,43106
72,Nakhon Phanom,2018,0.035164211,42357
72,Nakhon Phanom,2019,0.036625348,43571
72,Nakhon Phanom,2020,0.032364871,45384
72,Nakhon Phanom,2021,0.029796029,47522
6,Nakhon Ratchasima,2014,0.051277563,63828
6,Nakhon Ratchasima,2015,0.047661822,64849
6,Nakhon Ratchasima,2016,0.047718976,67081
6,Nakhon Ratchasima,2017,0.043079477,70361
6,Nakhon Ratchasima,2018,0.042939492,74548
6,Nakhon Ratchasima,2019,0.042628258,74036
6,Nakhon Ratchasima,2020,0.041589856,73377
6,Nakhon Ratchasima,2021,0.039979566,77540
2,Nakhon Sawan,2014,0.041868519,63448
2,Nakhon Sawan,2015,0.036831375,61903
2,Nakhon Sawan,2016,0.03910185,58936
2,Nakhon Sawan,2017,0.03507679,62617
2,Nakhon Sawan,2018,0.034980491,67569
2,Nakhon Sawan,2019,0.035495114,67266
2,Nakhon Sawan,2020,0.033711977,63684
2,Nakhon Sawan,2021,0.032623764,63686
59,Nakhon Si Thammarat,2014,0.043505482,61396
59,Nakhon Si Thammarat,2015,0.043502208,60521
59,Nakhon Si Thammarat,2016,0.042316765,61365
59,Nakhon Si Thammarat,2017,0.039981388,62899
59,Nakhon Si Thammarat,2018,0.039858378,64141
59,Nakhon Si Thammarat,2019,0.039784055,69235
59,Nakhon Si Thammarat,2020,0.038353465,68881
59,Nakhon Si Thammarat,2021,0.036233112,69614
70,Nan,2014,0.055460684,34747
70,Nan,2015,0.054000609,36811
70,Nan,2016,0.057610758,38033
70,Nan,2017,0.048959035,39488
70,Nan,2018,0.048923604,41737
70,Nan,2019,0.043220252,41673
70,Nan,2020,0.03931858,42102
70,Nan,2021,0.039458979,43326
40,Narathiwat,2014,0.041065291,30429
40,Narathiwat,2015,0.041339822,29731
40,Narathiwat,2016,0.040620677,30392
40,Narathiwat,2017,0.03903567,28392
40,Narathiwat,2018,0.036935117,31950
40,Narathiwat,2019,0.038139198,31364
40,Narathiwat,2020,0.034844119,29346
40,Narathiwat,2021,0.035571184,30536
13,Nong Khai,2014,0.046161126,47123
13,Nong Khai,2015,0.042243198,49190
13,Nong Khai,2016,0.044089559,50827
13,Nong Khai,2017,0.03592417,51934
13,Nong Khai,2018,0.036593921,51596
13,Nong Khai,2019,0.037664972,52434
13,Nong Khai,2020,0.033740975,53053
13,Nong Khai,2021,0.032658122,55156
3,Nongbua Lamphu,2014,0.032206487,31808
3,Nongbua Lamphu,2015,0.026304038,32901
3,Nongbua Lamphu,2016,0.027814759,35266
3,Nongbua Lamphu,2017,0.022093225,35733
3,Nongbua Lamphu,2018,0.02155217,38814
3,Nongbua Lamphu,2019,0.024494985,37983
3,Nongbua Lamphu,2020,0.022071723,36359
3,Nongbua Lamphu,2021,0.020764362,38265
38,Nonthaburi,2014,0.015166692,124841
38,Nonthaburi,2015,0.014917214,128480
38,Nonthaburi,2016,0.014661077,129896
38,Nonthaburi,2017,0.013650932,134561
38,Nonthaburi,2018,0.013215807,134169
38,Nonthaburi,2019,0.012994677,139958
38,Nonthaburi,2020,0.012344078,137053
38,Nonthaburi,2021,0.012055486,135093
58,Pathum Thani,2014,0.019603984,161223
58,Pathum Thani,2015,0.019166393,161351
58,Pathum Thani,2016,0.018265571,157070
58,Pathum Thani,2017,0.016453022,167571
58,Pathum Thani,2018,0.017083108,168576
58,Pathum Thani,2019,0.01740892,177831
58,Pathum Thani,2020,0.016296161,166679
58,Pathum Thani,2021,0.015224946,162802
57,Pattani,2014,0.033425223,57568
57,Pattani,2015,0.032534078,56413
57,Pattani,2016,0.031263229,58954
57,Pattani,2017,0.028131861,47803
57,Pattani,2018,0.028372366,50559
57,Pattani,2019,0.029069535,51016
57,Pattani,2020,0.026946709,48522
57,Pattani,2021,0.026493682,49404
42,Phachuap Khiri Khan,2014,0.021743312,117025
42,Phachuap Khiri Khan,2015,0.019410538,118101
42,Phachuap Khiri Khan,2016,0.019292019,121722
42,Phachuap Khiri Khan,2017,0.016446993,134102
42,Phachuap Khiri Khan,2018,0.015378934,141240
42,Phachuap Khiri Khan,2019,0.015548761,142295
42,Phachuap Khiri Khan,2020,0.013811401,130002
42,Phachuap Khiri Khan,2021,0.01360614,132747
56,Phangnga,2014,0.034004908,110913
56,Phangnga,2015,0.031804491,136980
56,Phangnga,2016,0.032150261,144833
56,Phangnga,2017,0.030318551,158693
56,Phangnga,2018,0.030738546,162916
56,Phangnga,2019,0.028736649,166824
56,Phangnga,2020,0.026715377,118012
56,Phangnga,2021,0.025294688,106056
55,Phatthalung,2014,0.060010336,37899
55,Phatthalung,2015,0.056561697,38037
55,Phatthalung,2016,0.056412328,41012
55,Phatthalung,2017,0.049217336,39663
55,Phatthalung,2018,0.047444038,41872
55,Phatthalung,2019,0.04457885,41846
55,Phatthalung,2020,0.041177761,41998
55,Phatthalung,2021,0.038595613,43018
1,Phayao,2014,0.03930667,41894
1,Phayao,2015,0.037893951,43244
1,Phayao,2016,0.037247207,44185
1,Phayao,2017,0.031187588,47036
1,Phayao,2018,0.0302084,47029
1,Phayao,2019,0.027297786,47556
1,Phayao,2020,0.026176926,46699
1,Phayao,2021,0.026432652,48019
10,Phetchabun,2014,0.016591987,45090
10,Phetchabun,2015,0.01530272,44672
10,Phetchabun,2016,0.016654031,46461
10,Phetchabun,2017,0.017576037,44629
10,Phetchabun,2018,0.01886143,46924
10,Phetchabun,2019,0.019980798,47714
10,Phetchabun,2020,0.01929418,45445
10,Phetchabun,2021,0.019361386,45446
8,Phetchaburi,2014,0.038982298,78748
8,Phetchaburi,2015,0.038161457,78447
8,Phetchaburi,2016,0.038061514,79069
8,Phetchaburi,2017,0.035530757,85406
8,Phetchaburi,2018,0.03542142,86862
8,Phetchaburi,2019,0.035172947,90820
8,Phetchaburi,2020,0.034131989,85788
8,Phetchaburi,2021,0.033167787,86725
54,Phichit,2014,0.024647146,43213
54,Phichit,2015,0.022405377,39378
54,Phichit,2016,0.022713006,38634
54,Phichit,2017,0.019290308,41295
54,Phichit,2018,0.019516926,45844
54,Phichit,2019,0.020181445,44814
54,Phichit,2020,0.017701095,43115
54,Phichit,2021,0.016694708,43744
21,Phitsanulok,2014,0.070268519,52046
21,Phitsanulok,2015,0.067079611,51349
21,Phitsanulok,2016,0.066042721,51437
21,Phitsanulok,2017,0.059656173,54958
21,Phitsanulok,2018,0.058843337,56766
21,Phitsanulok,2019,0.057719737,57309
21,Phitsanulok,2020,0.056549318,54300
21,Phitsanulok,2021,0.055406112,56698
53,Phra Nakhon Sri Ayuthaya,2014,0.035193272,321829
53,Phra Nakhon Sri Ayuthaya,2015,0.034516148,358381
53,Phra Nakhon Sri Ayuthaya,2016,0.032564424,344394
53,Phra Nakhon Sri Ayuthaya,2017,0.03075248,344252
53,Phra Nakhon Sri Ayuthaya,2018,0.029571949,348046
53,Phra Nakhon Sri Ayuthaya,2019,0.029421726,336049
53,Phra Nakhon Sri Ayuthaya,2020,0.028886534,327246
53,Phra Nakhon Sri Ayuthaya,2021,0.028179523,351460
32,Phrae,2014,0.048692424,38805
32,Phrae,2015,0.042881839,39022
32,Phrae,2016,0.039685562,42519
32,Phrae,2017,0.035603374,43536
32,Phrae,2018,0.033390328,45840
32,Phrae,2019,0.030276081,46258
32,Phrae,2020,0.027633537,46325
32,Phrae,2021,0.027951347,46691
44,Phuket,2014,0.010217293,210813
44,Phuket,2015,0.009580482,232369
44,Phuket,2016,0.008712334,256258
44,Phuket,2017,0.008826528,264717
44,Phuket,2018,0.008833844,282538
44,Phuket,2019,0.008244814,288726
44,Phuket,2020,0.007427045,170005
44,Phuket,2021,0.007420499,123429
52,Prachin Buri,2014,0.035291795,316356
52,Prachin Buri,2015,0.034647055,300964
52,Prachin Buri,2016,0.034721747,342551
52,Prachin Buri,2017,0.033173244,411683
52,Prachin Buri,2018,0.032864381,440256
52,Prachin Buri,2019,0.031736393,476481
52,Prachin Buri,2020,0.031344716,436056
52,Prachin Buri,2021,0.0324778,420198
22,Ranong,2014,0.048550166,66996
22,Ranong,2015,0.048092462,64146
22,Ranong,2016,0.047579169,67962
22,Ranong,2017,0.035778657,69963
22,Ranong,2018,0.032833282,72253
22,Ranong,2019,0.033169001,68073
22,Ranong,2020,0.029543068,69857
22,Ranong,2021,0.02794292,65834
30,Ratchaburi,2014,0.035459045,124086
30,Ratchaburi,2015,0.034645543,128136
30,Ratchaburi,2016,0.033600487,128946
30,Ratchaburi,2017,0.031193767,128919
30,Ratchaburi,2018,0.02980965,129518
30,Ratchaburi,2019,0.028615516,126288
30,Ratchaburi,2020,0.027631577,118431
30,Ratchaburi,2021,0.02644789,120170
51,Rayong,2014,0.04045457,520625
51,Rayong,2015,0.037060354,529456
51,Rayong,2016,0.037907127,535535
51,Rayong,2017,0.036670025,547006
51,Rayong,2018,0.034315731,531760
51,Rayong,2019,0.034854524,516423
51,Rayong,2020,0.033494752,475183
51,Rayong,2021,0.035908222,470602
0,Roi Et,2014,0.028413564,37089
0,Roi Et,2015,0.02627524,37706
0,Roi Et,2016,0.027832678,39151
0,Roi Et,2017,0.023255084,40904
0,Roi Et,2018,0.0223975,42326
0,Roi Et,2019,0.023059219,41608
0,Roi Et,2020,0.022449667,43163
0,Roi Et,2021,0.021793805,44408
75,Sa Kaew,2014,0.028557394,38905
75,Sa Kaew,2015,0.026791776,40314
75,Sa Kaew,2016,0.023553172,40967
75,Sa Kaew,2017,0.022607207,42692
75,Sa Kaew,2018,0.026683426,46938
75,Sa Kaew,2019,0.025474342,46239
75,Sa Kaew,2020,0.022083499,43624
75,Sa Kaew,2021,0.021925775,44220
24,Sakon Nakhon,2014,0.042835962,31909
24,Sakon Nakhon,2015,0.039940808,32904
24,Sakon Nakhon,2016,0.042920869,35576
24,Sakon Nakhon,2017,0.033992812,36247
24,Sakon Nakhon,2018,0.033809923,37611
24,Sakon Nakhon,2019,0.033525679,37574
24,Sakon Nakhon,2020,0.031671412,39624
24,Sakon Nakhon,2021,0.029185329,40563
69,Samut Prakan,2014,0.014301204,269853
69,Samut Prakan,2015,0.013575842,270260
69,Samut Prakan,2016,0.013906959,265735
69,Samut Prakan,2017,0.012596199,268011
69,Samut Prakan,2018,0.012715979,283951
69,Samut Prakan,2019,0.012507233,273142
69,Samut Prakan,2020,0.01195054,223453
69,Samut Prakan,2021,0.011501857,220570
68,Samut Sakhon,2014,0.016004451,273432
68,Samut Sakhon,2015,0.016792787,266144
68,Samut Sakhon,2016,0.01681927,267829
68,Samut Sakhon,2017,0.015427939,268689
68,Samut Sakhon,2018,0.014825794,275571
68,Samut Sakhon,2019,0.015055253,281082
68,Samut Sakhon,2020,0.014014132,277863
68,Samut Sakhon,2021,0.014344535,278001
50,Samut Songkhram,2014,0.015275084,66514
50,Samut Songkhram,2015,0.014132824,67757
50,Samut Songkhram,2016,0.013517006,68516
50,Samut Songkhram,2017,0.012570641,81055
50,Samut Songkhram,2018,0.011023538,85022
50,Samut Songkhram,2019,0.009695958,88525
50,Samut Songkhram,2020,0.008620359,89966
50,Samut Songkhram,2021,0.008872253,94719
17,Saraburi,2014,0.029463334,202239
17,Saraburi,2015,0.028067453,203270
17,Saraburi,2016,0.027377246,209085
17,Saraburi,2017,0.025716098,205510
17,Saraburi,2018,0.025803108,211026
17,Saraburi,2019,0.026424607,210262
17,Saraburi,2020,0.025662061,198703
17,Saraburi,2021,0.024519734,201692
76,Satun,2014,0.019988231,79790
76,Satun,2015,0.018327722,79463
76,Satun,2016,0.015954295,76497
76,Satun,2017,0.014542629,71632
76,Satun,2018,0.013388945,69469
76,Satun,2019,0.012045075,69915
76,Satun,2020,0.011730343,71864
76,Satun,2021,0.011629783,70633
12,Si Sa Ket,2014,0.030578189,35853
12,Si Sa Ket,2015,0.027866801,37309
12,Si Sa Ket,2016,0.030214831,39358
12,Si Sa Ket,2017,0.023688138,41130
12,Si Sa Ket,2018,0.022022724,42660
12,Si Sa Ket,2019,0.022321258,41385
12,Si Sa Ket,2020,0.020481981,43878
12,Si Sa Ket,2021,0.019622378,45178
49,Singburi,2014,0.019728858,83203
49,Singburi,2015,0.018890066,79112
49,Singburi,2016,0.020161238,80139
49,Singburi,2017,0.019611351,84474
49,Singburi,2018,0.019105777,88705
49,Singburi,2019,0.017547056,88450
49,Singburi,2020,0.016209384,82647
49,Singburi,2021,0.014659738,83952
43,Songkhla,2014,0.065457977,99051
43,Songkhla,2015,0.061011367,102688
43,Songkhla,2016,0.058743395,102724
43,Songkhla,2017,0.053462047,98669
43,Songkhla,2018,0.052477632,101807
43,Songkhla,2019,0.053417142,97371
43,Songkhla,2020,0.051234752,93574
43,Songkhla,2021,0.052965287,94557
7,Sukhothai,2014,0.040064387,39673
7,Sukhothai,2015,0.0379305,38707
7,Sukhothai,2016,0.042206023,40468
7,Sukhothai,2017,0.039012805,42571
7,Sukhothai,2018,0.037310828,46129
7,Sukhothai,2019,0.035555933,44840
7,Sukhothai,2020,0.034734216,42192
7,Sukhothai,2021,0.033312816,42645
48,Suphan Buri,2014,0.031359583,55256
48,Suphan Buri,2015,0.030310186,58034
48,Suphan Buri,2016,0.031044297,54419
48,Suphan Buri,2017,0.027009606,57321
48,Suphan Buri,2018,0.027437197,61604
48,Suphan Buri,2019,0.026427059,60737
48,Suphan Buri,2020,0.02529039,57316
48,Suphan Buri,2021,0.023792643,58634
11,Surat Thani,2014,0.059390888,101444
11,Surat Thani,2015,0.058348838,103695
11,Surat Thani,2016,0.056028321,104307
11,Surat Thani,2017,0.052061841,109546
11,Surat Thani,2018,0.051790107,109314
11,Surat Thani,2019,0.051719666,108761
11,Surat Thani,2020,0.04923939,92177
11,Surat Thani,2021,0.050631389,89067
5,Surin,2014,0.030913612,36602
5,Surin,2015,0.029952759,38607
5,Surin,2016,0.031104291,39882
5,Surin,2017,0.027478782,41142
5,Surin,2018,0.027561991,44141
5,Surin,2019,0.028709779,44244
5,Surin,2020,0.025872588,46555
5,Surin,2021,0.022133797,47257
26,Tak,2014,0.06432417,48376
26,Tak,2015,0.065480612,50304
26,Tak,2016,0.064915158,50475
26,Tak,2017,0.060328592,51004
26,Tak,2018,0.060381182,59150
26,Tak,2019,0.061552301,65547
26,Tak,2020,0.06063604,60821
26,Tak,2021,0.057914015,58457
47,Trang,2014,0.037151583,64591
47,Trang,2015,0.036612708,62344
47,Trang,2016,0.036353394,64626
47,Trang,2017,0.032596674,64599
47,Trang,2018,0.03201209,61635
47,Trang,2019,0.032196265,60333
47,Trang,2020,0.030023111,60959
47,Trang,2021,0.02842797,62215
29,Trat,2014,0.03137498,96576
29,Trat,2015,0.02814378,93884
29,Trat,2016,0.026239453,86298
29,Trat,2017,0.02580082,99515
29,Trat,2018,0.027971406,90876
29,Trat,2019,0.027699796,93885
29,Trat,2020,0.030699076,97195
29,Trat,2021,0.029327203,90858
41,Ubon Ratchathani,2014,0.055266403,37510
41,Ubon Ratchathani,2015,0.051809486,40082
41,Ubon Ratchathani,2016,0.054038275,41970
41,Ubon Ratchathani,2017,0.046641104,44319
41,Ubon Ratchathani,2018,0.047326304,44007
41,Ubon Ratchathani,2019,0.047298662,44059
41,Ubon Ratchathani,2020,0.044174682,45030
41,Ubon Ratchathani,2021,0.042580202,46426
23,Udon Thani,2014,0.045689177,51334
23,Udon Thani,2015,0.043618537,52946
23,Udon Thani,2016,0.04519695,53625
23,Udon Thani,2017,0.03880138,54549
23,Udon Thani,2018,0.037551668,56378
23,Udon Thani,2019,0.038530465,56835
23,Udon Thani,2020,0.035986107,54889
23,Udon Thani,2021,0.03534399,56735
18,Uthai Thani,2014,0.048206322,55979
18,Uthai Thani,2015,0.046413921,53361
18,Uthai Thani,2016,0.04858809,51944
18,Uthai Thani,2017,0.044425346,56163
18,Uthai Thani,2018,0.045748468,62498
18,Uthai Thani,2019,0.046742316,57333
18,Uthai Thani,2020,0.045941912,50101
18,Uthai Thani,2021,0.038843066,55821
34,Uttaradit,2014,0.058222093,46758
34,Uttaradit,2015,0.055672783,43321
34,Uttaradit,2016,0.054627981,44946
34,Uttaradit,2017,0.046513602,54064
34,Uttaradit,2018,0.045678854,56236
34,Uttaradit,2019,0.04446375,53765
34,Uttaradit,2020,0.044252031,51746
34,Uttaradit,2021,0.045367878,54669
33,Yala,2014,0.049138404,50035
33,Yala,2015,0.050540254,48179
33,Yala,2016,0.047700822,50762
33,Yala,2017,0.046133298,48282
33,Yala,2018,0.045069344,53062
33,Yala,2019,0.04800209,52511
33,Yala,2020,0.043445643,53373
33,Yala,2021,0.040279917,54151
31,Yasothon,2014,0.032535665,32862
31,Yasothon,2015,0.030216046,32500
31,Yasothon,2016,0.031828273,34338
31,Yasothon,2017,0.023432791,34743
31,Yasothon,2018,0.023220193,36240
31,Yasothon,2019,0.024661388,36359
31,Yasothon,2020,0.022479245,38760
31,Yasothon,2021,0.023134261,40601
