id,Province,Year,Student (persons),Student (thousands)
67,Amnat Chareon,2014,"65,927",65.927
67,Amnat Chareon,2015,"72,167",72.167
67,Amnat Chareon,2016,"87,048",87.048
67,Amnat Chareon,2017,"90,919",90.919
67,Amnat Chareon,2018,"86,476",86.476
67,Amnat Chareon,2019,"86,357",86.357
67,Amnat Chareon,2020,"90,587",90.587
67,Amnat Chareon,2021,"97,386",97.386
45,Ang Thong,2014,"101,556",101.556
45,Ang Thong,2015,"113,734",113.734
45,Ang Thong,2016,"125,129",125.129
45,Ang Thong,2017,"126,788",126.788
45,Ang Thong,2018,"137,313",137.313
45,Ang Thong,2019,"142,725",142.725
45,Ang Thong,2020,"157,741",157.741
45,Ang Thong,2021,"152,104",152.104
14,Bangkok,2014,"10,369,018",10369.018
14,Bangkok,2015,"10,650,972",10650.972
14,Bangkok,2016,"10,915,311",10915.311
14,Bangkok,2017,"10,956,241",10956.241
14,Bangkok,2018,"10,917,909",10917.909
14,Bangkok,2019,"10,905,784",10905.784
14,Bangkok,2020,"11,537,682",11537.682
14,Bangkok,2021,"10,688,269",10688.269
39,Bueng Kan,2014,"84,124",84.124
39,Bueng Kan,2015,"74,275",74.275
39,Bueng Kan,2016,"73,052",73.052
39,Bueng Kan,2017,"80,437",80.437
39,Bueng Kan,2018,"77,212",77.212
39,Bueng Kan,2019,"78,598",78.598
39,Bueng Kan,2020,"83,412",83.412
39,Bueng Kan,2021,"89,090",89.09
35,Buri Ram,2014,"291,547",291.547
35,Buri Ram,2015,"317,114",317.114
35,Buri Ram,2016,"337,070",337.07
35,Buri Ram,2017,"322,107",322.107
35,Buri Ram,2018,"322,644",322.644
35,Buri Ram,2019,"337,280",337.28
35,Buri Ram,2020,"423,680",423.68
35,Buri Ram,2021,"403,225",403.225
4,Chachoengsao,2014,"323,083",323.083
4,Chachoengsao,2015,"356,565",356.565
4,Chachoengsao,2016,"356,475",356.475
4,Chachoengsao,2017,"334,509",334.509
4,Chachoengsao,2018,"365,100",365.1
4,Chachoengsao,2019,"443,579",443.579
4,Chachoengsao,2020,"443,245",443.245
4,Chachoengsao,2021,"424,846",424.846
66,Chai Nat,2014,"135,563",135.563
66,Chai Nat,2015,"138,169",138.169
66,Chai Nat,2016,"119,849",119.849
66,Chai Nat,2017,"119,413",119.413
66,Chai Nat,2018,"141,831",141.831
66,Chai Nat,2019,"165,292",165.292
66,Chai Nat,2020,"167,116",167.116
66,Chai Nat,2021,"164,252",164.252
9,Chaiyaphum,2014,"269,603",269.603
9,Chaiyaphum,2015,"275,051",275.051
9,Chaiyaphum,2016,"307,376",307.376
9,Chaiyaphum,2017,"267,530",267.53
9,Chaiyaphum,2018,"255,353",255.353
9,Chaiyaphum,2019,"303,172",303.172
9,Chaiyaphum,2020,"284,527",284.527
9,Chaiyaphum,2021,"323,416",323.416
71,Chanthaburi,2014,"205,406",205.406
71,Chanthaburi,2015,"210,338",210.338
71,Chanthaburi,2016,"244,682",244.682
71,Chanthaburi,2017,"278,980",278.98
71,Chanthaburi,2018,"285,188",285.188
71,Chanthaburi,2019,"283,443",283.443
71,Chanthaburi,2020,"284,317",284.317
71,Chanthaburi,2021,"290,766",290.766
65,Chiang Mai,2014,"1,053,680",1053.68
65,Chiang Mai,2015,"1,091,822",1091.822
65,Chiang Mai,2016,"991,174",991.174
65,Chiang Mai,2017,"990,000",990
65,Chiang Mai,2018,"990,329",990.329
65,Chiang Mai,2019,"1,013,557",1013.557
65,Chiang Mai,2020,"1,157,610",1157.61
65,Chiang Mai,2021,"1,232,495",1232.495
25,Chiang Rai,2014,"321,385",321.385
25,Chiang Rai,2015,"349,289",349.289
25,Chiang Rai,2016,"345,565",345.565
25,Chiang Rai,2017,"396,733",396.733
25,Chiang Rai,2018,"429,109",429.109
25,Chiang Rai,2019,"405,843",405.843
25,Chiang Rai,2020,"429,281",429.281
25,Chiang Rai,2021,"378,787",378.787
64,Chon Buri,2014,"1,232,014",1232.014
64,Chon Buri,2015,"1,212,203",1212.203
64,Chon Buri,2016,"1,079,921",1079.921
64,Chon Buri,2017,"1,105,502",1105.502
64,Chon Buri,2018,"1,169,109",1169.109
64,Chon Buri,2019,"1,182,861",1182.861
64,Chon Buri,2020,"1,330,086",1330.086
64,Chon Buri,2021,"1,365,147",1365.147
19,Chumphon,2014,"173,609",173.609
19,Chumphon,2015,"189,300",189.3
19,Chumphon,2016,"225,859",225.859
19,Chumphon,2017,"247,027",247.027
19,Chumphon,2018,"242,901",242.901
19,Chumphon,2019,"224,941",224.941
19,Chumphon,2020,"235,347",235.347
19,Chumphon,2021,"292,743",292.743
20,Kalasin,2014,"193,311",193.311
20,Kalasin,2015,"225,096",225.096
20,Kalasin,2016,"249,754",249.754
20,Kalasin,2017,"245,417",245.417
20,Kalasin,2018,"271,426",271.426
20,Kalasin,2019,"272,208",272.208
20,Kalasin,2020,"271,762",271.762
20,Kalasin,2021,"298,970",298.97
36,Kam Phaeng Phet,2014,"139,849",139.849
36,Kam Phaeng Phet,2015,"170,110",170.11
36,Kam Phaeng Phet,2016,"242,975",242.975
36,Kam Phaeng Phet,2017,"257,241",257.241
36,Kam Phaeng Phet,2018,"257,279",257.279
36,Kam Phaeng Phet,2019,"258,766",258.766
36,Kam Phaeng Phet,2020,"287,147",287.147
36,Kam Phaeng Phet,2021,"314,464",314.464
73,Kanchanaburi,2014,"264,057",264.057
73,Kanchanaburi,2015,"310,951",310.951
73,Kanchanaburi,2016,"281,697",281.697
73,Kanchanaburi,2017,"270,536",270.536
73,Kanchanaburi,2018,"287,776",287.776
73,Kanchanaburi,2019,"289,195",289.195
73,Kanchanaburi,2020,"342,927",342.927
73,Kanchanaburi,2021,"373,664",373.664
15,Khon Kaen,2014,"667,044",667.044
15,Khon Kaen,2015,"680,668",680.668
15,Khon Kaen,2016,"690,610",690.61
15,Khon Kaen,2017,"668,449",668.449
15,Khon Kaen,2018,"674,905",674.905
15,Khon Kaen,2019,"732,944",732.944
15,Khon Kaen,2020,"756,002",756.002
15,Khon Kaen,2021,"911,734",911.734
63,Krabi,2014,"173,086",173.086
63,Krabi,2015,"158,592",158.592
63,Krabi,2016,"159,498",159.498
63,Krabi,2017,"175,202",175.202
63,Krabi,2018,"182,785",182.785
63,Krabi,2019,"190,311",190.311
63,Krabi,2020,"202,069",202.069
63,Krabi,2021,"202,409",202.409
37,Lampang,2014,"341,687",341.687
37,Lampang,2015,"357,339",357.339
37,Lampang,2016,"393,407",393.407
37,Lampang,2017,"458,240",458.24
37,Lampang,2018,"428,784",428.784
37,Lampang,2019,"372,172",372.172
37,Lampang,2020,"425,716",425.716
37,Lampang,2021,"497,955",497.955
28,Lamphun,2014,"205,766",205.766
28,Lamphun,2015,"219,078",219.078
28,Lamphun,2016,"237,921",237.921
28,Lamphun,2017,"238,285",238.285
28,Lamphun,2018,"226,497",226.497
28,Lamphun,2019,"243,669",243.669
28,Lamphun,2020,"266,654",266.654
28,Lamphun,2021,"264,403",264.403
16,Loei,2014,"108,212",108.212
16,Loei,2015,"132,389",132.389
16,Loei,2016,"135,326",135.326
16,Loei,2017,"158,341",158.341
16,Loei,2018,"168,636",168.636
16,Loei,2019,"193,918",193.918
16,Loei,2020,"210,499",210.499
16,Loei,2021,"187,105",187.105
62,Lop Buri,2014,"323,588",323.588
62,Lop Buri,2015,"367,570",367.57
62,Lop Buri,2016,"346,900",346.9
62,Lop Buri,2017,"342,471",342.471
62,Lop Buri,2018,"357,349",357.349
62,Lop Buri,2019,"416,326",416.326
62,Lop Buri,2020,"461,692",461.692
62,Lop Buri,2021,"402,122",402.122
74,Mae Hong Son,2014,"50,974",50.974
74,Mae Hong Son,2015,"57,553",57.553
74,Mae Hong Son,2016,"60,711",60.711
74,Mae Hong Son,2017,"59,088",59.088
74,Mae Hong Son,2018,"63,920",63.92
74,Mae Hong Son,2019,"71,365",71.365
74,Mae Hong Son,2020,"63,604",63.604
74,Mae Hong Son,2021,"64,009",64.009
46,Maha Sarakham,2014,"232,343",232.343
46,Maha Sarakham,2015,"262,938",262.938
46,Maha Sarakham,2016,"296,910",296.91
46,Maha Sarakham,2017,"252,033",252.033
46,Maha Sarakham,2018,"326,042",326.042
46,Maha Sarakham,2019,"305,274",305.274
46,Maha Sarakham,2020,"334,331",334.331
46,Maha Sarakham,2021,"363,226",363.226
61,Mukdahan,2014,"105,229",105.229
61,Mukdahan,2015,"108,806",108.806
61,Mukdahan,2016,"107,075",107.075
61,Mukdahan,2017,"113,190",113.19
61,Mukdahan,2018,"122,113",122.113
61,Mukdahan,2019,"98,915",98.915
61,Mukdahan,2020,"123,091",123.091
61,Mukdahan,2021,"125,432",125.432
60,Nakhon Nayok,2014,"109,070",109.07
60,Nakhon Nayok,2015,"115,244",115.244
60,Nakhon Nayok,2016,"129,557",129.557
60,Nakhon Nayok,2017,"127,958",127.958
60,Nakhon Nayok,2018,"124,378",124.378
60,Nakhon Nayok,2019,"147,076",147.076
60,Nakhon Nayok,2020,"173,914",173.914
60,Nakhon Nayok,2021,"187,680",187.68
27,Nakhon Pathom,2014,"608,856",608.856
27,Nakhon Pathom,2015,"529,065",529.065
27,Nakhon Pathom,2016,"565,832",565.832
27,Nakhon Pathom,2017,"690,902",690.902
27,Nakhon Pathom,2018,"642,168",642.168
27,Nakhon Pathom,2019,"559,468",559.468
27,Nakhon Pathom,2020,"619,041",619.041
27,Nakhon Pathom,2021,"757,114",757.114
72,Nakhon Phanom,2014,"144,581",144.581
72,Nakhon Phanom,2015,"150,372",150.372
72,Nakhon Phanom,2016,"161,859",161.859
72,Nakhon Phanom,2017,"176,813",176.813
72,Nakhon Phanom,2018,"188,328",188.328
72,Nakhon Phanom,2019,"190,807",190.807
72,Nakhon Phanom,2020,"238,563",238.563
72,Nakhon Phanom,2021,"236,741",236.741
6,Nakhon Ratchasima,2014,"900,320",900.32
6,Nakhon Ratchasima,2015,"847,491",847.491
6,Nakhon Ratchasima,2016,"909,027",909.027
6,Nakhon Ratchasima,2017,"978,529",978.529
6,Nakhon Ratchasima,2018,"883,138",883.138
6,Nakhon Ratchasima,2019,"967,583",967.583
6,Nakhon Ratchasima,2020,"981,099",981.099
6,Nakhon Ratchasima,2021,"1,019,142",1019.142
2,Nakhon Sawan,2014,"304,116",304.116
2,Nakhon Sawan,2015,"333,097",333.097
2,Nakhon Sawan,2016,"391,896",391.896
2,Nakhon Sawan,2017,"373,446",373.446
2,Nakhon Sawan,2018,"432,941",432.941
2,Nakhon Sawan,2019,"477,226",477.226
2,Nakhon Sawan,2020,"497,195",497.195
2,Nakhon Sawan,2021,"476,171",476.171
59,Nakhon Si Thammarat,2014,"609,167",609.167
59,Nakhon Si Thammarat,2015,"712,225",712.225
59,Nakhon Si Thammarat,2016,"781,237",781.237
59,Nakhon Si Thammarat,2017,"800,860",800.86
59,Nakhon Si Thammarat,2018,"774,008",774.008
59,Nakhon Si Thammarat,2019,"797,585",797.585
59,Nakhon Si Thammarat,2020,"854,595",854.595
59,Nakhon Si Thammarat,2021,"995,556",995.556
70,Nan,2014,"137,999",137.999
70,Nan,2015,"201,963",201.963
70,Nan,2016,"193,545",193.545
70,Nan,2017,"167,427",167.427
70,Nan,2018,"184,317",184.317
70,Nan,2019,"217,226",217.226
70,Nan,2020,"244,618",244.618
70,Nan,2021,"221,376",221.376
40,Narathiwat,2014,"235,224",235.224
40,Narathiwat,2015,"216,601",216.601
40,Narathiwat,2016,"198,277",198.277
40,Narathiwat,2017,"230,320",230.32
40,Narathiwat,2018,"263,740",263.74
40,Narathiwat,2019,"253,504",253.504
40,Narathiwat,2020,"243,992",243.992
40,Narathiwat,2021,"248,861",248.861
3,Nongbua Lamphu,2014,"95,783",95.783
3,Nongbua Lamphu,2015,"124,134",124.134
3,Nongbua Lamphu,2016,"133,818",133.818
3,Nongbua Lamphu,2017,"133,446",133.446
3,Nongbua Lamphu,2018,"134,091",134.091
3,Nongbua Lamphu,2019,"135,358",135.358
3,Nongbua Lamphu,2020,"174,051",174.051
3,Nongbua Lamphu,2021,"171,632",171.632
13,Nong Khai,2014,"122,020",122.02
13,Nong Khai,2015,"120,966",120.966
13,Nong Khai,2016,"157,415",157.415
13,Nong Khai,2017,"175,254",175.254
13,Nong Khai,2018,"180,188",180.188
13,Nong Khai,2019,"184,560",184.56
13,Nong Khai,2020,"169,320",169.32
13,Nong Khai,2021,"191,491",191.491
38,Nonthaburi,2014,"1,940,618",1940.618
38,Nonthaburi,2015,"1,858,072",1858.072
38,Nonthaburi,2016,"1,875,864",1875.864
38,Nonthaburi,2017,"1,959,487",1959.487
38,Nonthaburi,2018,"1,919,098",1919.098
38,Nonthaburi,2019,"2,024,878",2024.878
38,Nonthaburi,2020,"2,215,719",2215.719
38,Nonthaburi,2021,"2,362,227",2362.227
58,Pathum Thani,2014,"1,091,435",1091.435
58,Pathum Thani,2015,"1,247,848",1247.848
58,Pathum Thani,2016,"1,260,139",1260.139
58,Pathum Thani,2017,"1,312,036",1312.036
58,Pathum Thani,2018,"1,467,631",1467.631
58,Pathum Thani,2019,"1,429,598",1429.598
58,Pathum Thani,2020,"1,352,072",1352.072
58,Pathum Thani,2021,"1,394,384",1394.384
57,Pattani,2014,"222,154",222.154
57,Pattani,2015,"226,539",226.539
57,Pattani,2016,"238,886",238.886
57,Pattani,2017,"247,785",247.785
57,Pattani,2018,"215,446",215.446
57,Pattani,2019,"206,177",206.177
57,Pattani,2020,"241,839",241.839
57,Pattani,2021,"235,681",235.681
56,Phangnga,2014,"114,675",114.675
56,Phangnga,2015,"115,374",115.374
56,Phangnga,2016,"125,847",125.847
56,Phangnga,2017,"135,793",135.793
56,Phangnga,2018,"147,830",147.83
56,Phangnga,2019,"148,029",148.029
56,Phangnga,2020,"138,197",138.197
56,Phangnga,2021,"138,927",138.927
55,Phatthalung,2014,"231,875",231.875
55,Phatthalung,2015,"231,708",231.708
55,Phatthalung,2016,"261,105",261.105
55,Phatthalung,2017,"268,163",268.163
55,Phatthalung,2018,"258,993",258.993
55,Phatthalung,2019,"286,411",286.411
55,Phatthalung,2020,"324,630",324.63
55,Phatthalung,2021,"334,099",334.099
1,Phayao,2014,"119,101",119.101
1,Phayao,2015,"134,830",134.83
1,Phayao,2016,"152,519",152.519
1,Phayao,2017,"163,906",163.906
1,Phayao,2018,"186,551",186.551
1,Phayao,2019,"202,244",202.244
1,Phayao,2020,"195,986",195.986
1,Phayao,2021,"174,912",174.912
8,Phetchaburi,2014,"233,080",233.08
8,Phetchaburi,2015,"239,905",239.905
8,Phetchaburi,2016,"227,629",227.629
8,Phetchaburi,2017,"245,814",245.814
8,Phetchaburi,2018,"255,738",255.738
8,Phetchaburi,2019,"274,114",274.114
8,Phetchaburi,2020,"289,586",289.586
8,Phetchaburi,2021,"275,113",275.113
10,Phetchabun,2014,"213,785",213.785
10,Phetchabun,2015,"305,211",305.211
10,Phetchabun,2016,"323,704",323.704
10,Phetchabun,2017,"311,190",311.19
10,Phetchabun,2018,"336,135",336.135
10,Phetchabun,2019,"349,018",349.018
10,Phetchabun,2020,"357,544",357.544
10,Phetchabun,2021,"454,107",454.107
54,Phichit,2014,"182,894",182.894
54,Phichit,2015,"174,944",174.944
54,Phichit,2016,"191,380",191.38
54,Phichit,2017,"214,876",214.876
54,Phichit,2018,"213,966",213.966
54,Phichit,2019,"212,134",212.134
54,Phichit,2020,"262,705",262.705
54,Phichit,2021,"261,375",261.375
21,Phitsanulok,2014,"414,344",414.344
21,Phitsanulok,2015,"440,044",440.044
21,Phitsanulok,2016,"432,872",432.872
21,Phitsanulok,2017,"444,308",444.308
21,Phitsanulok,2018,"418,803",418.803
21,Phitsanulok,2019,"449,066",449.066
21,Phitsanulok,2020,"513,607",513.607
21,Phitsanulok,2021,"558,689",558.689
53,Phra Nakhon Sri Ayuthaya,2014,"629,027",629.027
53,Phra Nakhon Sri Ayuthaya,2015,"535,331",535.331
53,Phra Nakhon Sri Ayuthaya,2016,"583,846",583.846
53,Phra Nakhon Sri Ayuthaya,2017,"605,364",605.364
53,Phra Nakhon Sri Ayuthaya,2018,"594,334",594.334
53,Phra Nakhon Sri Ayuthaya,2019,"590,730",590.73
53,Phra Nakhon Sri Ayuthaya,2020,"643,700",643.7
53,Phra Nakhon Sri Ayuthaya,2021,"708,324",708.324
32,Phrae,2014,"173,820",173.82
32,Phrae,2015,"192,037",192.037
32,Phrae,2016,"207,527",207.527
32,Phrae,2017,"206,892",206.892
32,Phrae,2018,"230,233",230.233
32,Phrae,2019,"268,243",268.243
32,Phrae,2020,"242,089",242.089
32,Phrae,2021,"232,724",232.724
44,Phuket,2014,"395,820",395.82
44,Phuket,2015,"427,662",427.662
44,Phuket,2016,"435,433",435.433
44,Phuket,2017,"412,979",412.979
44,Phuket,2018,"438,778",438.778
44,Phuket,2019,"427,537",427.537
44,Phuket,2020,"469,554",469.554
44,Phuket,2021,"575,253",575.253
52,Prachin Buri,2014,"257,066",257.066
52,Prachin Buri,2015,"277,397",277.397
52,Prachin Buri,2016,"297,614",297.614
52,Prachin Buri,2017,"338,498",338.498
52,Prachin Buri,2018,"350,094",350.094
52,Prachin Buri,2019,"341,642",341.642
52,Prachin Buri,2020,"379,937",379.937
52,Prachin Buri,2021,"365,756",365.756
42,Phachuap Khiri Khan,2014,"198,964",198.964
42,Phachuap Khiri Khan,2015,"195,551",195.551
42,Phachuap Khiri Khan,2016,"174,793",174.793
42,Phachuap Khiri Khan,2017,"205,705",205.705
42,Phachuap Khiri Khan,2018,"239,737",239.737
42,Phachuap Khiri Khan,2019,"227,838",227.838
42,Phachuap Khiri Khan,2020,"236,924",236.924
42,Phachuap Khiri Khan,2021,"251,895",251.895
22,Ranong,2014,"92,407",92.407
22,Ranong,2015,"92,562",92.562
22,Ranong,2016,"102,172",102.172
22,Ranong,2017,"106,586",106.586
22,Ranong,2018,"107,061",107.061
22,Ranong,2019,"115,195",115.195
22,Ranong,2020,"126,955",126.955
22,Ranong,2021,"110,352",110.352
30,Ratchaburi,2014,"368,913",368.913
30,Ratchaburi,2015,"425,097",425.097
30,Ratchaburi,2016,"393,641",393.641
30,Ratchaburi,2017,"363,641",363.641
30,Ratchaburi,2018,"394,382",394.382
30,Ratchaburi,2019,"432,031",432.031
30,Ratchaburi,2020,"430,941",430.941
30,Ratchaburi,2021,"482,579",482.579
51,Rayong,2014,"593,794",593.794
51,Rayong,2015,"678,082",678.082
51,Rayong,2016,"626,204",626.204
51,Rayong,2017,"642,739",642.739
51,Rayong,2018,"627,694",627.694
51,Rayong,2019,"536,427",536.427
51,Rayong,2020,"609,702",609.702
51,Rayong,2021,"667,241",667.241
0,Roi Et,2014,"336,383",336.383
0,Roi Et,2015,"336,053",336.053
0,Roi Et,2016,"335,383",335.383
0,Roi Et,2017,"336,068",336.068
0,Roi Et,2018,"316,751",316.751
0,Roi Et,2019,"353,460",353.46
0,Roi Et,2020,"402,616",402.616
0,Roi Et,2021,"334,650",334.65
75,Sa Kaew,2014,"194,111",194.111
75,Sa Kaew,2015,"188,200",188.2
75,Sa Kaew,2016,"198,479",198.479
75,Sa Kaew,2017,"213,461",213.461
75,Sa Kaew,2018,"215,478",215.478
75,Sa Kaew,2019,"225,625",225.625
75,Sa Kaew,2020,"238,549",238.549
75,Sa Kaew,2021,"247,755",247.755
24,Sakon Nakhon,2014,"256,716",256.716
24,Sakon Nakhon,2015,"205,077",205.077
24,Sakon Nakhon,2016,"212,793",212.793
24,Sakon Nakhon,2017,"220,609",220.609
24,Sakon Nakhon,2018,"197,275",197.275
24,Sakon Nakhon,2019,"212,707",212.707
24,Sakon Nakhon,2020,"264,917",264.917
24,Sakon Nakhon,2021,"302,269",302.269
69,Samut Prakan,2014,"1,342,625",1342.625
69,Samut Prakan,2015,"1,450,974",1450.974
69,Samut Prakan,2016,"1,454,783",1454.783
69,Samut Prakan,2017,"1,493,083",1493.083
69,Samut Prakan,2018,"1,390,292",1390.292
69,Samut Prakan,2019,"1,556,982",1556.982
69,Samut Prakan,2020,"1,876,425",1876.425
69,Samut Prakan,2021,"1,829,344",1829.344
68,Samut Sakhon,2014,"433,689",433.689
68,Samut Sakhon,2015,"417,557",417.557
68,Samut Sakhon,2016,"500,743",500.743
68,Samut Sakhon,2017,"569,264",569.264
68,Samut Sakhon,2018,"487,302",487.302
68,Samut Sakhon,2019,"497,050",497.05
68,Samut Sakhon,2020,"630,619",630.619
68,Samut Sakhon,2021,"677,826",677.826
50,Samut Songkhram,2014,"88,723",88.723
50,Samut Songkhram,2015,"96,572",96.572
50,Samut Songkhram,2016,"102,462",102.462
50,Samut Songkhram,2017,"106,097",106.097
50,Samut Songkhram,2018,"107,057",107.057
50,Samut Songkhram,2019,"105,657",105.657
50,Samut Songkhram,2020,"110,270",110.27
50,Samut Songkhram,2021,"127,072",127.072
17,Saraburi,2014,"388,111",388.111
17,Saraburi,2015,"442,254",442.254
17,Saraburi,2016,"427,743",427.743
17,Saraburi,2017,"461,235",461.235
17,Saraburi,2018,"493,426",493.426
17,Saraburi,2019,"466,641",466.641
17,Saraburi,2020,"479,796",479.796
17,Saraburi,2021,"504,576",504.576
76,Satun,2014,"110,570",110.57
76,Satun,2015,"126,938",126.938
76,Satun,2016,"143,129",143.129
76,Satun,2017,"144,414",144.414
76,Satun,2018,"148,176",148.176
76,Satun,2019,"149,237",149.237
76,Satun,2020,"146,372",146.372
76,Satun,2021,"154,168",154.168
12,Si Sa Ket,2014,"235,154",235.154
12,Si Sa Ket,2015,"239,046",239.046
12,Si Sa Ket,2016,"245,610",245.61
12,Si Sa Ket,2017,"254,429",254.429
12,Si Sa Ket,2018,"263,925",263.925
12,Si Sa Ket,2019,"236,477",236.477
12,Si Sa Ket,2020,"242,264",242.264
12,Si Sa Ket,2021,"273,363",273.363
49,Singburi,2014,"106,992",106.992
49,Singburi,2015,"116,742",116.742
49,Singburi,2016,"135,101",135.101
49,Singburi,2017,"135,636",135.636
49,Singburi,2018,"129,879",129.879
49,Singburi,2019,"132,652",132.652
49,Singburi,2020,"140,775",140.775
49,Singburi,2021,"155,584",155.584
43,Songkhla,2014,"1,136,074",1136.074
43,Songkhla,2015,"1,090,397",1090.397
43,Songkhla,2016,"1,077,901",1077.901
43,Songkhla,2017,"1,111,166",1111.166
43,Songkhla,2018,"969,010",969.01
43,Songkhla,2019,"953,924",953.924
43,Songkhla,2020,"1,155,539",1155.539
43,Songkhla,2021,"1,264,848",1264.848
7,Sukhothai,2014,"200,001",200.001
7,Sukhothai,2015,"226,082",226.082
7,Sukhothai,2016,"265,958",265.958
7,Sukhothai,2017,"295,641",295.641
7,Sukhothai,2018,"281,456",281.456
7,Sukhothai,2019,"255,896",255.896
7,Sukhothai,2020,"284,128",284.128
7,Sukhothai,2021,"261,588",261.588
48,Suphan Buri,2014,"201,352",201.352
48,Suphan Buri,2015,"242,692",242.692
48,Suphan Buri,2016,"281,885",281.885
48,Suphan Buri,2017,"251,856",251.856
48,Suphan Buri,2018,"293,460",293.46
48,Suphan Buri,2019,"333,397",333.397
48,Suphan Buri,2020,"325,738",325.738
48,Suphan Buri,2021,"281,748",281.748
11,Surat Thani,2014,"504,064",504.064
11,Surat Thani,2015,"532,105",532.105
11,Surat Thani,2016,"433,482",433.482
11,Surat Thani,2017,"490,877",490.877
11,Surat Thani,2018,"544,033",544.033
11,Surat Thani,2019,"553,761",553.761
11,Surat Thani,2020,"601,064",601.064
11,Surat Thani,2021,"570,086",570.086
5,Surin,2014,"262,150",262.15
5,Surin,2015,"259,775",259.775
5,Surin,2016,"263,576",263.576
5,Surin,2017,"325,599",325.599
5,Surin,2018,"379,869",379.869
5,Surin,2019,"327,838",327.838
5,Surin,2020,"362,742",362.742
5,Surin,2021,"364,515",364.515
26,Tak,2014,"167,324",167.324
26,Tak,2015,"159,836",159.836
26,Tak,2016,"169,576",169.576
26,Tak,2017,"197,575",197.575
26,Tak,2018,"178,347",178.347
26,Tak,2019,"177,928",177.928
26,Tak,2020,"208,828",208.828
26,Tak,2021,"232,989",232.989
47,Trang,2014,"248,795",248.795
47,Trang,2015,"280,430",280.43
47,Trang,2016,"321,224",321.224
47,Trang,2017,"353,068",353.068
47,Trang,2018,"368,983",368.983
47,Trang,2019,"340,546",340.546
47,Trang,2020,"335,797",335.797
47,Trang,2021,"387,592",387.592
29,Trat,2014,"113,079",113.079
29,Trat,2015,"136,691",136.691
29,Trat,2016,"134,996",134.996
29,Trat,2017,"128,173",128.173
29,Trat,2018,"134,317",134.317
29,Trat,2019,"140,407",140.407
29,Trat,2020,"148,436",148.436
29,Trat,2021,"165,172",165.172
41,Ubon Ratchathani,2014,"457,637",457.637
41,Ubon Ratchathani,2015,"519,770",519.77
41,Ubon Ratchathani,2016,"535,502",535.502
41,Ubon Ratchathani,2017,"504,573",504.573
41,Ubon Ratchathani,2018,"493,041",493.041
41,Ubon Ratchathani,2019,"437,491",437.491
41,Ubon Ratchathani,2020,"451,189",451.189
41,Ubon Ratchathani,2021,"557,921",557.921
23,Udon Thani,2014,"433,971",433.971
23,Udon Thani,2015,"443,751",443.751
23,Udon Thani,2016,"417,515",417.515
23,Udon Thani,2017,"354,812",354.812
23,Udon Thani,2018,"456,399",456.399
23,Udon Thani,2019,"516,791",516.791
23,Udon Thani,2020,"503,686",503.686
23,Udon Thani,2021,"500,206",500.206
18,Uthai Thani,2014,"86,757",86.757
18,Uthai Thani,2015,"92,440",92.44
18,Uthai Thani,2016,"104,575",104.575
18,Uthai Thani,2017,"105,793",105.793
18,Uthai Thani,2018,"112,490",112.49
18,Uthai Thani,2019,"125,418",125.418
18,Uthai Thani,2020,"127,462",127.462
18,Uthai Thani,2021,"129,695",129.695
34,Uttaradit,2014,"171,774",171.774
34,Uttaradit,2015,"187,159",187.159
34,Uttaradit,2016,"202,265",202.265
34,Uttaradit,2017,"204,675",204.675
34,Uttaradit,2018,"202,205",202.205
34,Uttaradit,2019,"206,462",206.462
34,Uttaradit,2020,"229,425",229.425
34,Uttaradit,2021,"236,903",236.903
33,Yala,2014,"105,022",105.022
33,Yala,2015,"113,664",113.664
33,Yala,2016,"128,408",128.408
33,Yala,2017,"117,635",117.635
33,Yala,2018,"100,058",100.058
33,Yala,2019,"111,409",111.409
33,Yala,2020,"106,052",106.052
33,Yala,2021,"117,880",117.88
31,Yasothon,2014,"121,731",121.731
31,Yasothon,2015,"141,533",141.533
31,Yasothon,2016,"133,509",133.509
31,Yasothon,2017,"125,144",125.144
31,Yasothon,2018,"130,121",130.121
31,Yasothon,2019,"146,315",146.315
31,Yasothon,2020,"176,046",176.046
31,Yasothon,2021,"158,566",158.566
