province_id,province-org,province,year,GINIW_province,gdppc,construction_gdp,construction_share,roadlength,allconstruction_length,allconstruction_lengthpc,edu_graduate (total),edu_graduate,total_gdp,agri_gdp,agri_share,manu_gdp,manu_share,knowledge_service_gdp,knowledge_service_share,total_area,urban_modis,total_pop,pop_density,incomegroup
14,Bangkok,Bangkok,2014,0.23175256,373599,54703.47175,0.01704158,161572,747809,0.086984878,10369018,1.206120507,3.21E+12,1502.846586,0.000468177,394503.1996,0.122898193,800489.1224,0.249373558,1575.248239,970.2513158,8597000,5457.552522,1
14,Bangkok,Bangkok,2015,0.23237462,386881,70860.79679,0.021089523,130639,715103,0.082432622,10650972,1.227777752,3.36E+12,1477.091389,0.000439611,391999.232,0.116666438,864665.5211,0.257340929,1575.248239,976.7786945,8675000,5507.068528,1
14,Bangkok,Bangkok,2016,0.23086326,400278,74012.69756,0.021146485,0,5894,0.000673369,10915311,1.247036559,3.50E+12,1399.03297,0.000399724,400390.665,0.114397333,901298.4399,0.25751384,1575.248239,983.1945166,8753000,5556.584533,1
14,Bangkok,Bangkok,2017,0.23653479,413479,76141.97077,0.020860814,121185,744657,0.084313519,10956241,1.240516418,3.65E+12,1412.009263,0.000386852,383005.5461,0.104933026,942427.8599,0.258199414,1575.248239,990.3366251,8832000,5606.735358,1
14,Bangkok,Bangkok,2018,0.23949502,430681,75885.05839,0.019761734,173741,930228,0.104379264,10917909,1.225079556,3.84E+12,1337.832034,0.000348394,396552.4289,0.103268862,989427.813,0.257663493,1575.248239,995.8533974,8912000,5657.521005,1
14,Bangkok,Bangkok,2019,0.23997544,446455,74387.82538,0.018596956,167330,894181,0.099819268,10905784,1.217435142,4.00E+12,1302.768538,0.000325692,397814.6142,0.099453654,1043348.448,0.260837112,1575.248239,1002.953587,8958000,5686.722752,1
14,Bangkok,Bangkok,2020,0.22144242,416686,77130.19856,0.020568053,114345,775528,0.086179353,11537682,1.282107123,3.75E+12,1190.778104,0.000317541,355109.6265,0.0946959,1064121.451,0.28376572,1575.248239,1009.725834,8999000,5712.750395,1
14,Bangkok,Bangkok,2021,0.22084069,416598,81588.00677,0.021698938,80502,615605,0.068143126,10688269,1.183115896,3.76E+12,1207.8195,0.000321229,353793.2455,0.094093948,1128729.93,0.30019413,1575.248239,1015.360017,9034000,5734.969116,1
4,Chachoengsao,Chachoengsao,2014,0.49509335,322888,3989.756735,0.016087729,3681,22167,0.028863281,323083,0.42068099,2.48E+11,11380.91129,0.045890771,181269.247,0.730924383,5828.678713,0.023502737,5526.224678,61.10717628,768000,138.9737198,1
4,Chachoengsao,Chachoengsao,2015,0.47951168,308841,4447.050192,0.01845249,1792,25660,0.032855314,356565,0.456549296,2.41E+11,10923.22304,0.045324577,172624.6688,0.716284933,6407.066493,0.026585338,5526.224678,61.96260194,781000,141.3261395,1
4,Chachoengsao,Chachoengsao,2016,0.46968412,321846,4060.075131,0.015921863,1399,8823,0.011140152,356475,0.450094697,2.55E+11,10695.93959,0.041944861,186631.2494,0.731887253,7028.268264,0.027561836,5526.224678,62.17645992,792000,143.3166486,1
4,Chachoengsao,Chachoengsao,2017,0.45729095,312262,4438.528246,0.017613207,2268,13970,0.017332506,334509,0.415023573,2.52E+11,11553.90844,0.045848843,179680.6031,0.713018266,7130.206462,0.02829447,5526.224678,63.03188766,806000,145.8500237,1
4,Chachoengsao,Chachoengsao,2018,0.44362044,342875,4407.279363,0.01562865,2040,25048,0.030434994,365100,0.443620899,2.82E+11,11664.35955,0.041362977,205352.2423,0.728199441,7466.887155,0.026478323,5526.224678,65.81203484,823000,148.9262648,1
4,Chachoengsao,Chachoengsao,2019,0.44804642,331080,4332.270241,0.015583706,2036,18350,0.021845238,443579,0.528070238,2.78E+11,11436.90313,0.041139939,198449.571,0.713847378,8239.174774,0.029637319,5526.224678,70.0673761,840000,152.002506,1
4,Chachoengsao,Chachoengsao,2020,0.43655005,285050,3922.357321,0.016009622,1300,17492,0.020386946,443245,0.516602564,2.45E+11,10890.92074,0.044452738,172793.9426,0.705281398,8130.559179,0.033185956,5526.224678,70.70894357,858000,155.2597026,1
4,Chachoengsao,Chachoengsao,2021,0.43874019,323971,4235.677175,0.014967057,787,18727,0.021402286,424846,0.485538286,2.83E+11,11274.1585,0.039838016,204506.0113,0.722636082,8220.975564,0.029049384,5526.224678,72.22271185,875000,158.3359438,1
64,Chon Buri,Chon Buri,2014,0.36803615,304459,14359.70905,0.028156292,3611,151650,0.090537313,1232014,0.735530746,5.10E+11,10612.28384,0.0208084,243732.905,0.477907657,26539.28013,0.052037804,4395.2836,299.6139975,1675000,381.0903124,1
64,Chon Buri,Chon Buri,2015,0.35940722,312285,15895.27264,0.029822275,36031,132702,0.077785463,1212203,0.710552755,5.33E+11,10203.93039,0.019144335,251483.1812,0.471825856,29334.2454,0.055036108,4395.2836,304.4319028,1706000,388.1433271,1
64,Chon Buri,Chon Buri,2016,0.35893023,325957,16667.38242,0.029447672,36601,60050,0.034610951,1079921,0.622432853,5.66E+11,11077.22131,0.019571062,268981.2601,0.475231908,30184.39133,0.053329313,4395.2836,306.3062225,1735000,394.7413086,1
64,Chon Buri,Chon Buri,2017,0.35471764,324480,12859.75599,0.022248713,9790,98648,0.055358025,1105502,0.620371493,5.78E+11,12540.65459,0.021696634,270971.4484,0.468808734,32017.06889,0.055392853,4395.2836,310.9178062,1782000,405.434589,1
64,Chon Buri,Chon Buri,2018,0.35012376,324552,12493.61095,0.021175612,17725,120874,0.066450797,1169109,0.642720726,5.90E+11,13139.99168,0.022271172,281954.9178,0.477889691,33822.28632,0.057325909,4395.2836,315.8363573,1819000,413.8527034,1
64,Chon Buri,Chon Buri,2019,0.34008899,325013,14556.84719,0.024140708,8062,109478,0.05901779,1182861,0.637660916,6.03E+11,12382.73598,0.020535217,280783.9816,0.465645077,35319.16526,0.058572413,4395.2836,318.4025991,1855000,422.0433011,1
64,Chon Buri,Chon Buri,2020,0.33152011,297187,12682.9899,0.022567598,15434,86597,0.045794289,1330086,0.703377049,5.62E+11,11478.21552,0.020423871,277322.2031,0.493455877,33948.38815,0.060406385,4395.2836,320.1134075,1891000,430.2338989,1
64,Chon Buri,Chon Buri,2021,0.3238295,311972,13179.41569,0.021929144,5196,76159,0.039542575,1365147,0.708799065,6.01E+11,11670.82851,0.019419016,302830.2372,0.503877267,35037.11954,0.058298036,4395.2836,324.3904328,1926000,438.1969801,1
19,Chumphon,Chumphon,2014,0.43585098,82973,1407.481177,0.035193188,3270,5758,0.011946058,173609,0.360184647,39993000000,15312.49069,0.382879271,5171.344597,0.129306244,2780.497961,0.069524616,5803.750933,24.77045383,482000,83.04973896,1
19,Chumphon,Chumphon,2015,0.42441013,78813,1735.232141,0.045302774,0,1430,0.002942387,189300,0.389506173,38303000000,13353.64228,0.348631759,5012.826055,0.130872936,3137.391318,0.081909806,5803.750933,24.77045383,486000,83.73894842,1
19,Chumphon,Chumphon,2016,0.43015376,87333,1875.847904,0.043835391,0,984,0.002008163,225859,0.460936735,42793000000,15641.07072,0.365505356,4396.192295,0.102731575,3256.986035,0.076110252,5803.750933,24.77045383,490000,84.42815787,1
19,Chumphon,Chumphon,2017,0.4189353,85769,1819.555715,0.042944435,36,630,0.001275304,247027,0.500054656,42370000000,15272.69874,0.360460202,4009.920928,0.094640569,3724.396631,0.087901738,5803.750933,24.77045383,494000,85.11736732,1
19,Chumphon,Chumphon,2018,0.4114278,92839,1838.879465,0.039773315,650,1253,0.002516064,242901,0.487753012,46234000000,17501.96364,0.378551794,4257.852811,0.092093542,3955.944407,0.085563533,5803.750933,24.77045383,498000,85.80657677,1
19,Chumphon,Chumphon,2019,0.41748622,111864,2007.596983,0.03596555,2135,2341,0.004691383,224941,0.450783567,55820000000,22648.30183,0.405738119,4755.699647,0.085197056,3822.885617,0.068485948,5803.750933,24.77045383,499000,85.97887914,1
19,Chumphon,Chumphon,2020,0.40878701,114456,1988.872981,0.034753494,0,2580,0.00516,235347,0.470694,57228000000,23247.46081,0.406225288,4378.902984,0.076516792,4218.400219,0.073712173,5803.750933,24.77045383,500000,86.1511815,1
19,Chumphon,Chumphon,2021,0.41352084,115569,2220.20983,0.038345593,0,1518,0.00302994,292743,0.584317365,57900000000,24123.63751,0.416643135,3838.446544,0.066294414,4321.864206,0.074643596,5803.750933,24.77045383,501000,86.32348386,1
28,Lamphun,Lamphun,2014,0.47793168,114765,1144.494402,0.024623374,948,12654,0.031244444,205766,0.508064198,46480000000,6347.535976,0.136564888,23229.60321,0.499776317,2092.157061,0.045011985,4194.94845,65.28011182,405000,96.54469056,1
28,Lamphun,Lamphun,2015,0.46481988,104975,1389.184736,0.032837365,0,13701,0.033997519,219078,0.543617866,42305000000,4404.929256,0.104123136,23460.78318,0.554562893,2294.633922,0.054240253,4194.94845,65.28011182,403000,96.06792665,1
28,Lamphun,Lamphun,2016,0.46183568,106502,1222.885035,0.028562737,0,329,0.000818408,237921,0.591843284,42814000000,3971.822754,0.092769252,24137.04365,0.563765209,2430.533533,0.056769597,4194.94845,65.28011182,402000,95.8295447,1
28,Lamphun,Lamphun,2017,0.4409419,117637,1227.474876,0.025956331,1979,18938,0.047109453,238285,0.592748756,47290000000,5366.917064,0.113489471,25118.49802,0.531158765,2577.805387,0.054510581,4194.94845,65.28011182,402000,95.8295447,1
28,Lamphun,Lamphun,2018,0.43962464,126504,1470.618438,0.029135581,1375,15935,0.039937343,226497,0.567661654,50475000000,5874.643389,0.116387189,26647.58724,0.527936349,2777.470952,0.055026666,4194.94845,65.28011182,399000,95.11439884,1
28,Lamphun,Lamphun,2019,0.44590089,126177,1615.112369,0.032324228,3374,16669,0.042093434,243669,0.615325758,49966000000,4782.178744,0.095708657,28389.99298,0.568186226,2974.962629,0.05953974,4194.94845,65.28011182,396000,94.39925299,1
28,Lamphun,Lamphun,2020,0.44689569,128305,1704.694199,0.033721598,986,12639,0.03207868,266654,0.676786802,50552000000,4827.612249,0.095497948,29261.97285,0.578848964,2909.474833,0.057554099,4194.94845,65.28011182,394000,93.92248908,1
28,Lamphun,Lamphun,2021,0.44503772,141118,1503.844361,0.027254913,558,19739,0.050483376,264403,0.676222506,55177000000,5009.140917,0.090783133,33708.75297,0.610920365,2850.750871,0.051665565,4194.94845,65.49410143,391000,93.20734323,1
27,Nakhon Pathom,Nakhon Pathom,2014,0.25678971,188182,4193.914495,0.021074947,10176,77842,0.073714015,608856,0.576568182,1.99E+11,11032.99057,0.055442164,115511.151,0.580458045,8620.454934,0.043318869,2094.368392,183.9981852,1056000,504.20929,1
27,Nakhon Pathom,Nakhon Pathom,2015,0.24937616,194626,6007.735897,0.028472682,6327,51521,0.047528598,529065,0.488067343,2.11E+11,10836.08416,0.051355849,121540.3522,0.576020627,9083.906697,0.043051691,2094.368392,185.0674949,1084000,517.5784758,1
27,Nakhon Pathom,Nakhon Pathom,2016,0.25501597,196247,7668.757176,0.035177785,3389,27040,0.02436036,565832,0.509758559,2.18E+11,11546.05211,0.052963542,122337.1788,0.561179719,9821.476241,0.045052643,2094.368392,187.2061071,1110000,529.9927196,1
27,Nakhon Pathom,Nakhon Pathom,2017,0.25312173,191392,6928.27401,0.030929795,5508,61058,0.05209727,690902,0.589506826,2.24E+11,11570.34089,0.051653308,127035.5549,0.567123013,10260.55286,0.04580604,2094.368392,188.4565659,1172000,559.5959166,1
27,Nakhon Pathom,Nakhon Pathom,2018,0.2414661,196303,9156.640459,0.039298886,7216,47153,0.03975801,642168,0.541456998,2.33E+11,11806.48967,0.050671629,132152.3853,0.567177619,11054.01525,0.047442126,2094.368392,191.0228973,1186000,566.2805095,1
27,Nakhon Pathom,Nakhon Pathom,2019,0.2415894,196458,8123.173187,0.034420225,1438,59881,0.049900833,559468,0.466223333,2.36E+11,10920.39119,0.046272844,129561.9629,0.548991368,11679.45827,0.04948923,2094.368392,193.5892374,1200000,572.9651023,1
27,Nakhon Pathom,Nakhon Pathom,2020,0.24171744,189214,8966.332885,0.038984056,6597,55631,0.045824547,619041,0.509918451,2.30E+11,10784.23946,0.046887998,122964.5225,0.534628359,11922.25745,0.051835902,2094.368392,195.3001392,1214000,579.6496952,1
27,Nakhon Pathom,Nakhon Pathom,2021,0.23864302,193098,9185.71071,0.038758273,4416,48649,0.039584215,757114,0.616040683,2.37E+11,12048.8198,0.050838902,129291.5524,0.545533976,11291.63753,0.04764404,2094.368392,196.5833169,1229000,586.811759,1
38,Nonthaburi,Nonthaburi,2014,0.19404985,124841,7813.013292,0.040905829,4200,110129,0.072168414,1940618,1.27170249,1.91E+11,2297.112433,0.012026767,34613.41808,0.181222084,38700.8127,0.202622056,646.5730953,231.6465825,1526000,2360.135321,1
38,Nonthaburi,Nonthaburi,2015,0.19299029,128480,9543.190154,0.047243516,1772,164553,0.104544473,1858072,1.180477764,2.02E+11,2220.791235,0.010994016,34666.7378,0.171617514,42925.5981,0.212502961,646.5730953,235.9238611,1574000,2434.372867,1
38,Nonthaburi,Nonthaburi,2016,0.19071062,129896,10944.14065,0.051867965,1161,82205,0.050712523,1875864,1.157226403,2.11E+11,1772.515636,0.008400548,35562.7921,0.168544038,46163.48147,0.218784272,646.5730953,239.6945699,1621000,2507.063798,1
38,Nonthaburi,Nonthaburi,2017,0.17938843,134561,10321.17989,0.045268333,3961,147932,0.087378618,1959487,1.157405198,2.28E+11,1762.201835,0.007728955,40248.41917,0.176528154,50622.02634,0.222026431,646.5730953,246.5382113,1693000,2618.420117,1
38,Nonthaburi,Nonthaburi,2018,0.17291734,134169,10068.68273,0.043587371,5176,192376,0.111716609,1919098,1.114458769,2.31E+11,2097.383316,0.009079581,37396.45983,0.161889436,51874.75109,0.224566022,646.5730953,250.3877644,1722000,2663.271968,1
38,Nonthaburi,Nonthaburi,2019,0.16868648,139958,9443.148978,0.038543465,56397,238304,0.136018265,2024878,1.155752283,2.45E+11,1779.629432,0.007263794,40080.98972,0.163595876,57079.50976,0.232977591,646.5730953,255.3745799,1752000,2709.670434,1
38,Nonthaburi,Nonthaburi,2020,0.16260582,137053,8065.301051,0.033054513,4264,112155,0.062973049,2215719,1.24408703,2.44E+11,1749.151285,0.007168653,38062.27558,0.155992933,59484.07221,0.243787181,646.5730953,258.5825495,1781000,2754.522285,1
38,Nonthaburi,Nonthaburi,2021,0.16019589,135093,7716.547656,0.031496113,2987,144187,0.079661326,2362227,1.30509779,2.45E+11,1820.838928,0.007431996,39546.70812,0.161415135,59762.57914,0.243928894,646.5730953,260.1861121,1810000,2799.374136,1
58,Pathum Thani,Pathum Thani,2014,0.2276427,161223,6276.565461,0.025723629,19268,134714,0.088978864,1091435,0.72089498,2.44E+11,3222.651506,0.013207588,143974.9988,0.59006147,15941.16846,0.065332658,1517.672916,271.1800607,1514000,997.5799028,1
58,Pathum Thani,Pathum Thani,2015,0.22423734,161351,7543.289681,0.029815374,12622,96604,0.061727796,1247848,0.797346965,2.53E+11,3001.551971,0.011863842,144708.3736,0.571969856,17624.279,0.069661182,1517.672916,275.8398429,1565000,1031.183981,1
58,Pathum Thani,Pathum Thani,2016,0.21652941,157070,8676.87606,0.034160929,1500,16234,0.010033375,1260139,0.778825093,2.54E+11,2481.108843,0.009768145,140980.2526,0.555040365,17635.28128,0.069430241,1517.672916,280.4090305,1618000,1066.105867,1
58,Pathum Thani,Pathum Thani,2017,0.19562958,167571,8489.159464,0.030318427,15761,165708,0.099107656,1312036,0.784710526,2.80E+11,2768.195037,0.009886411,154652.3109,0.552329682,18334.03714,0.065478704,1517.672916,284.2586372,1672000,1101.686656,1
58,Pathum Thani,Pathum Thani,2018,0.20811856,168576,8139.475948,0.027970708,43579,180896,0.104624639,1467631,0.848832273,2.91E+11,2879.439796,0.009894982,151691.3941,0.521276268,19988.68237,0.06868963,1517.672916,287.2527779,1729000,1139.244156,1
58,Pathum Thani,Pathum Thani,2019,0.21825339,177831,9568.860945,0.030571441,70360,262614,0.149382253,1429598,0.813195677,3.13E+11,2806.272926,0.008965728,163075.8088,0.521008974,21454.82525,0.068545768,1517.672916,293.6000155,1758000,1158.352357,1
58,Pathum Thani,Pathum Thani,2020,0.20564337,166679,8090.484629,0.027149277,41282,159391,0.089244681,1352072,0.757039194,2.98E+11,2493.768991,0.008368352,154554.9915,0.518640911,23240.317,0.077987641,1517.672916,298.104636,1786000,1176.801655,1
58,Pathum Thani,Pathum Thani,2021,0.19112727,162802,8462.813653,0.028687504,55333,244702,0.134896362,1394384,0.768679162,2.95E+11,2702.996706,0.009162701,151835.1227,0.514695331,22768.51909,0.077181421,1517.672916,300.2433051,1814000,1195.250954,1
42,Phachuap Khiri Khan,Phachuap Khiri Khan,2014,0.27829328,117025,2318.39754,0.041101967,3799,30123,0.062495851,198964,0.412788382,56406000000,11256.7779,0.19956703,16051.55696,0.2845718,3870.831762,0.068624468,6413.263472,24.04257914,482000,75.15674385,1
42,Phachuap Khiri Khan,Phachuap Khiri Khan,2015,0.25505051,118101,2832.667257,0.049352183,6036,27877,0.057360082,195551,0.402368313,57397000000,11105.52245,0.193486113,15625.04489,0.272227554,4268.554943,0.074368956,6413.263472,24.04257914,486000,75.78045127,1
42,Phachuap Khiri Khan,Phachuap Khiri Khan,2016,0.25504991,121722,2957.965301,0.049695328,525,3099,0.006337423,174793,0.357449898,59522000000,10889.9005,0.18295589,16717.93412,0.280869832,4526.785107,0.076052302,6413.263472,24.04257914,489000,76.24823183,1
42,Phachuap Khiri Khan,Phachuap Khiri Khan,2017,0.2181578,134102,2477.260882,0.037854297,2466,26512,0.054327869,205705,0.421526639,65442000000,13224.82917,0.202084734,18470.9953,0.282249859,4721.29194,0.072144677,6413.263472,24.25639805,488000,76.09230498,1
42,Phachuap Khiri Khan,Phachuap Khiri Khan,2018,0.20601061,141240,3006.792978,0.043624127,1790,30301,0.062092213,239737,0.491264344,68925000000,15365.156,0.222925731,18139.14972,0.263172285,4976.770217,0.072205589,6413.263472,24.4702325,488000,76.09230498,1
42,Phachuap Khiri Khan,Phachuap Khiri Khan,2019,0.20802337,142295,2884.751098,0.041543075,6057,28140,0.057663934,227838,0.466881148,69440000000,17588.154,0.253285628,15003.66357,0.216066584,5267.027652,0.075850053,6413.263472,24.4702325,488000,76.09230498,1
42,Phachuap Khiri Khan,Phachuap Khiri Khan,2020,0.18340899,130002,3120.408079,0.049185985,2000,31198,0.063930328,236924,0.4855,63441000000,15263.02537,0.240586141,13524.54704,0.213183068,4974.63675,0.078413593,6413.263472,24.68406784,488000,76.09230498,1
42,Phachuap Khiri Khan,Phachuap Khiri Khan,2021,0.18029962,132747,2733.900814,0.042289024,886,26432,0.054275154,251895,0.517238193,64648000000,16171.55279,0.250147766,15248.2955,0.235866469,4875.908602,0.07542242,6413.263472,24.89788667,487000,75.93637812,1
53,Phra Nakhon Sri Ayuthaya,Phra Nakhon Sri Ayuthaya,2014,0.46738699,321829,1946.624496,0.006806379,756,3718,0.004186937,629027,0.708363739,2.86E+11,5260.388571,0.018392967,201128.6455,0.703247012,8164.835231,0.028548375,2481.938592,119.4949538,888000,357.7848392,1
53,Phra Nakhon Sri Ayuthaya,Phra Nakhon Sri Ayuthaya,2015,0.45438915,358381,2619.326247,0.008185395,7242,31387,0.035147816,535331,0.599474804,3.20E+11,4731.826742,0.014786959,230917.8505,0.721618283,8411.297137,0.026285304,2481.938592,123.5216473,893000,359.7993935,1
53,Phra Nakhon Sri Ayuthaya,Phra Nakhon Sri Ayuthaya,2016,0.43181545,344394,2923.317981,0.009460576,2500,11580,0.012895323,583846,0.650162584,3.09E+11,4078.700157,0.013199677,222362.9481,0.719621191,8833.358673,0.028586921,2481.938592,124.3771425,898000,361.8139477,1
53,Phra Nakhon Sri Ayuthaya,Phra Nakhon Sri Ayuthaya,2017,0.41088644,344252,3510.146486,0.011286645,6739,31058,0.034432373,605364,0.671135255,3.11E+11,4766.529095,0.01532646,216945.6039,0.697574289,9333.141822,0.030010102,2481.938592,125.4465105,902000,363.4255912,1
53,Phra Nakhon Sri Ayuthaya,Phra Nakhon Sri Ayuthaya,2018,0.39743051,348046,3655.24021,0.011567216,4239,19645,0.021659316,594334,0.655274531,3.16E+11,5217.854011,0.016512196,213845.8801,0.676727469,9975.130769,0.03156687,2481.938592,129.9378491,907000,365.4401454,1
53,Phra Nakhon Sri Ayuthaya,Phra Nakhon Sri Ayuthaya,2019,0.38993216,336049,3291.875403,0.010757763,7897,28006,0.030775824,590730,0.649153846,3.06E+11,5108.524368,0.016694524,202047.8951,0.660287239,10253.23683,0.03350731,2481.938592,133.359836,910000,366.648878,1
53,Phra Nakhon Sri Ayuthaya,Phra Nakhon Sri Ayuthaya,2020,0.39263138,327246,4125.38187,0.013843563,4740,26528,0.029087719,643700,0.705811404,2.98E+11,4549.920437,0.015268189,198017.1014,0.664486917,9725.178685,0.032634828,2481.938592,134.4292027,912000,367.4546997,1
53,Phra Nakhon Sri Ayuthaya,Phra Nakhon Sri Ayuthaya,2021,0.39197618,351460,3313.765378,0.010291197,6928,34064,0.037228415,708324,0.77412459,3.22E+11,4506.783466,0.013996222,219201.727,0.680750705,9788.227702,0.030398223,2481.938592,135.7124454,915000,368.6634323,1
44,Phuket,Phuket,2014,0.12783076,210813,3502.932425,0.030197693,6715,21866,0.039612319,395820,0.717065217,1.16E+11,3981.766967,0.034325577,1551.819472,0.013377754,12145.25639,0.104700486,505.8057687,46.67614525,552000,1091.328004,1
44,Phuket,Phuket,2015,0.12068278,232369,3788.440154,0.029141847,2505,23707,0.04240966,427662,0.765048301,1.30E+11,3204.56019,0.024650463,1531.601245,0.011781548,13281.65439,0.102166572,505.8057687,46.67614525,559000,1105.167308,1
44,Phuket,Phuket,2016,0.11356627,256258,4181.774602,0.028839825,500,15284,0.027003534,435433,0.769316254,1.45E+11,4392.296638,0.030291701,1707.257083,0.011774187,13932.46552,0.096085969,505.8057687,46.67614525,566000,1119.006613,1
44,Phuket,Phuket,2017,0.11756903,264717,3589.09485,0.023612466,5404,21301,0.03717452,412979,0.720731239,1.52E+11,3845.199041,0.025297362,1648.215557,0.010843523,15387.50061,0.101233557,505.8057687,46.67614525,573000,1132.845917,1
44,Phuket,Phuket,2018,0.11890563,282538,4504.12696,0.027464189,29678,53650,0.0925,438778,0.756513793,1.64E+11,4136.760199,0.025224148,1790.649878,0.010918597,17101.03142,0.104274582,505.8057687,46.88989811,580000,1146.685222,1
44,Phuket,Phuket,2019,0.11320914,288726,4547.842524,0.026752015,1897,22769,0.038722789,427537,0.727103741,1.70E+11,4507.419302,0.026514231,2045.49477,0.012032322,18017.47355,0.105985139,505.8057687,46.88989811,588000,1162.50157,1
44,Phuket,Phuket,2020,0.10357404,170005,3030.85648,0.03000848,2827,43291,0.072757983,469554,0.789166387,1.01E+11,5393.56669,0.05340165,1944.641869,0.01925388,11314.70658,0.112026798,505.8057687,47.31740367,595000,1176.340874,1
44,Phuket,Phuket,2021,0.10691933,123429,2892.408432,0.038926685,6457,13995,0.023247508,575253,0.955569767,74304000000,3976.233153,0.053513043,1782.581048,0.023990378,10232.11665,0.137706135,505.8057687,47.31740367,602000,1190.180178,1
52,Prachin Buri,Prachin Buri,2014,0.38394243,316356,1558.051492,0.008467671,15952,33318,0.057247423,257066,0.441694158,1.84E+11,4607.339799,0.02503989,149381.1907,0.811854297,2301.169348,0.012506355,5586.900948,30.36915878,582000,104.1722424,1
52,Prachin Buri,Prachin Buri,2015,0.3815316,300964,1557.494345,0.008749968,12474,17181,0.029120339,277397,0.470164407,1.78E+11,4508.961107,0.025331242,141928.8095,0.797352862,2820.674718,0.015846487,5586.900948,30.36915878,590000,105.6041633,1
52,Prachin Buri,Prachin Buri,2016,0.38899526,342551,1387.557861,0.006768575,3784,8380,0.013989983,297614,0.496851419,2.05E+11,4723.757137,0.023042718,169583.5371,0.827236766,2970.013002,0.014487868,5586.900948,30.36915878,599000,107.2150743,1
52,Prachin Buri,Prachin Buri,2017,0.37301382,411683,1473.342497,0.005846597,7137,9237,0.015093137,338498,0.553101307,2.52E+11,4441.032913,0.017623146,215859.4772,0.856585227,3181.87956,0.012626506,5586.900948,30.36915878,612000,109.5419457,1
52,Prachin Buri,Prachin Buri,2018,0.36665964,440256,1381.306264,0.00505973,134,1274,0.00205153,350094,0.563758454,2.73E+11,4654.048247,0.017047796,232521.6915,0.851727808,3405.176289,0.012473173,5586.900948,30.36915878,621000,111.1528566,1
52,Prachin Buri,Prachin Buri,2019,0.36835405,476481,1431.100212,0.004770334,0,29,4.60E-05,341642,0.542288889,3.00E+11,4976.187075,0.01658729,256643.8241,0.855479414,3683.017758,0.012276726,5586.900948,30.79689183,630000,112.7637676,1
52,Prachin Buri,Prachin Buri,2020,0.35841352,436056,1458.376634,0.005245959,0,349,0.000547022,379937,0.595512539,2.78E+11,4864.012041,0.017496446,236614.7931,0.851132349,3740.792511,0.013456088,5586.900948,31.43848598,638000,114.1956884,1
52,Prachin Buri,Prachin Buri,2021,0.3697238,420198,1569.017089,0.005768445,0,135,0.000208655,365756,0.565310665,2.72E+11,5039.687673,0.018528264,227369.3609,0.835916768,3868.945275,0.014224064,5586.900948,31.43848598,647000,115.8065994,1
30,Ratchaburi,Ratchaburi,2014,0.29908267,124086,3300.099031,0.033037662,690,14145,0.017571429,368913,0.458277019,99889000000,12669.31693,0.126833955,30632.18324,0.306662227,4293.138358,0.04297909,5312.479906,61.04368535,805000,151.5299849,1
30,Ratchaburi,Ratchaburi,2015,0.29074177,128136,3595.368652,0.034906492,2068,20539,0.025451053,425097,0.526762082,1.03E+11,12059.69571,0.117084424,29974.9148,0.29101859,4721.050361,0.04583544,5312.479906,61.04368535,807000,151.9064569,1
30,Ratchaburi,Ratchaburi,2016,0.28080639,128946,4125.753543,0.039670707,1000,10489,0.012965389,393641,0.486577256,1.04E+11,12754.14756,0.122636034,28001.3528,0.269243777,5173.580802,0.049745969,5312.479906,61.04368535,809000,152.2829289,1
30,Ratchaburi,Ratchaburi,2017,0.2750273,128919,3989.948379,0.037999508,222,15105,0.018625154,363641,0.448385943,1.05E+11,12804.78922,0.121950374,29297.00241,0.279019071,5302.56937,0.050500661,5312.479906,61.25754171,811000,152.6594009,1
30,Ratchaburi,Ratchaburi,2018,0.26904368,129518,4194.463037,0.039947267,4154,13480,0.016580566,394382,0.485094711,1.05E+11,14694.08926,0.139943707,27631.86724,0.26316064,5634.326247,0.05366025,5312.479906,61.4714041,813000,153.035873,1
30,Ratchaburi,Ratchaburi,2019,0.26544228,126288,3985.320187,0.038692429,1145,13709,0.016862239,432031,0.531403444,1.03E+11,15224.65811,0.147812215,26820.69098,0.260395058,6059.689197,0.058831934,5312.479906,61.68526737,813000,153.035873,1
30,Ratchaburi,Ratchaburi,2020,0.25944531,118431,3669.910428,0.038162245,0,11490,0.014150246,430941,0.530715517,96166000000,14695.86973,0.152817729,25419.03251,0.264324527,6165.698117,0.064115156,5312.479906,62.11298268,812000,152.847637,1
30,Ratchaburi,Ratchaburi,2021,0.25028533,120170,3952.191416,0.040552765,713,17708,0.021834772,482579,0.595041924,97458000000,14316.87425,0.146903017,27844.46591,0.28570734,6222.792803,0.063851021,5312.479906,62.32684517,811000,152.6594009,1
51,Rayong,Rayong,2014,0.40467054,520625,3915.230643,0.008492908,25599,110395,0.124599323,593794,0.670196388,4.61E+11,12316.64381,0.026717232,186173.7507,0.403847615,10086.91596,0.021880512,3682.324334,103.2452619,886000,240.608898,1
51,Rayong,Rayong,2015,0.38892028,529456,5474.245885,0.011452397,5714,95086,0.105416851,678082,0.75175388,4.78E+11,10442.28947,0.021845794,198444.7041,0.415156285,11136.10012,0.023297281,3682.324334,104.1006109,902000,244.9539797,1
51,Rayong,Rayong,2016,0.3969183,535535,5459.387233,0.011073808,12087,16686,0.018117264,626204,0.679917481,4.93E+11,10346.97955,0.020987788,204390.6921,0.414585582,11617.09694,0.023564091,3682.324334,104.1006109,921000,250.1137642,1
51,Rayong,Rayong,2017,0.3958638,547006,4892.605045,0.009372807,18305,82154,0.086115304,642739,0.673730608,5.22E+11,12101.15949,0.023182298,218940.8321,0.419426881,12509.32186,0.023964218,3682.324334,104.3144496,954000,259.0754951,1
51,Rayong,Rayong,2018,0.37426934,531760,5264.489402,0.010104586,15705,72734,0.074218367,627694,0.640504082,5.21E+11,10867.63949,0.020859193,211478.8462,0.405909494,13739.01,0.026370461,3682.324334,104.3144496,980000,266.1362528,1
51,Rayong,Rayong,2019,0.37916166,516423,5827.657306,0.011228627,16197,49362,0.049116418,536427,0.533758209,5.19E+11,11130.85267,0.02144673,203964.7104,0.392995588,14166.54604,0.02729585,3682.324334,104.528293,1005000,272.925443,1
51,Rayong,Rayong,2020,0.36841479,475183,6875.879948,0.014032408,31431,151259,0.14671096,609702,0.591369544,4.90E+11,11037.02939,0.02252455,201081.2584,0.410369915,14177.71296,0.028934108,3682.324334,104.7421306,1031000,279.9862007,1
51,Rayong,Rayong,2021,0.40487725,470602,7233.312387,0.014553948,11799,39466,0.037373106,667241,0.631857008,4.97E+11,10460.00465,0.021046287,209547.3533,0.421624453,15992.11554,0.032177295,3682.324334,106.0251812,1056000,286.7753908,1
69,Samut Prakan,Samut Prakan,2014,0.17715898,269853,6951.440059,0.012944954,7047,226903,0.114021608,1342625,0.67468593,5.37E+11,2258.362151,0.004205516,234978.524,0.437576395,35313.44997,0.065760614,941.2893751,343.075523,1990000,2114.121388,1
69,Samut Prakan,Samut Prakan,2015,0.16763262,270260,6480.443123,0.011804086,20666,208325,0.102572624,1450974,0.714413589,5.49E+11,1957.104271,0.003564853,229724.3237,0.418441391,37807.52814,0.068866171,941.2893751,347.3375772,2031000,2157.678663,1
69,Samut Prakan,Samut Prakan,2016,0.16994347,265735,7497.993588,0.013607974,4119,97846,0.047154699,1454783,0.701100241,5.51E+11,2367.664684,0.004297032,219400.487,0.398186002,37769.21522,0.06854667,941.2893751,353.1117235,2075000,2204.423055,1
69,Samut Prakan,Samut Prakan,2017,0.15340914,268011,6836.383745,0.011972651,4452,126168,0.059178236,1493083,0.700320356,5.71E+11,3311.076985,0.005798734,209889.7834,0.367582808,40060.07741,0.070157754,941.2893751,358.5873167,2132000,2264.978291,1
69,Samut Prakan,Samut Prakan,2018,0.15521906,283951,7817.322413,0.012690458,7761,156075,0.071890834,1390292,0.640392446,6.16E+11,3220.595733,0.00522824,236807.8321,0.384428299,40575.06087,0.065868605,941.2893751,363.7609907,2171000,2306.410821,1
69,Samut Prakan,Samut Prakan,2019,0.15322024,273142,7122.094836,0.011791548,8588,95185,0.043050656,1556982,0.7041981,6.04E+11,2983.947221,0.00494031,222790.3308,0.368858164,43384.02121,0.07182785,941.2893751,369.6936685,2211000,2348.905723,1
69,Samut Prakan,Samut Prakan,2020,0.14747703,223453,7460.813166,0.014832631,13659,162425,0.072188889,1876425,0.833966667,5.03E+11,2954.102165,0.005872967,210244.7008,0.417981513,43191.95486,0.085868698,941.2893751,375.8972274,2250000,2390.338253,1
69,Samut Prakan,Samut Prakan,2021,0.14064239,220570,6348.124559,0.012570544,11186,197670,0.086356488,1829344,0.799189166,5.05E+11,3168.633886,0.006274523,225010.5662,0.445565478,44382.10558,0.087885358,941.2893751,379.5160344,2289000,2431.770782,1
68,Samut Sakhon,Samut Sakhon,2014,0.18976445,273432,3782.990112,0.014494215,20532,136755,0.143349057,433689,0.454600629,2.61E+11,19839.58606,0.07601374,175634.315,0.67292841,8173.83612,0.03131738,839.3838122,184.5675358,954000,1136.548008,1
68,Samut Sakhon,Samut Sakhon,2015,0.20200504,266144,4822.950794,0.018693608,14901,159105,0.163856849,417557,0.430027806,2.58E+11,16492.74584,0.063925371,173687.3818,0.673206906,8727.645299,0.033828083,839.3838122,187.0348571,971000,1156.80096,1
68,Samut Sakhon,Samut Sakhon,2016,0.2023697,267829,5268.003511,0.019954559,950,72786,0.073969512,500743,0.508885163,2.64E+11,12526.36311,0.047448345,178311.1316,0.675420953,9517.868484,0.036052532,839.3838122,191.9535806,984000,1172.288512,1
68,Samut Sakhon,Samut Sakhon,2017,0.18395732,268689,4986.761281,0.018002748,12111,190798,0.185061106,569264,0.55214743,2.77E+11,6604.993538,0.023844742,193596.4956,0.698904316,9644.010541,0.034815923,839.3838122,193.6636014,1031000,1228.281967,1
68,Samut Sakhon,Samut Sakhon,2018,0.17786351,275571,5339.616311,0.018604935,8041,148741,0.142745681,487302,0.467660269,2.87E+11,5978.858972,0.020832261,199450.4271,0.694949223,9674.88412,0.033710398,839.3838122,197.2991848,1042000,1241.386818,1
68,Samut Sakhon,Samut Sakhon,2019,0.18394363,281082,5825.291979,0.01968004,6333,200421,0.190152751,497050,0.47158444,2.96E+11,5421.026046,0.018314277,203107.5616,0.686174195,10205.98013,0.034479663,839.3838122,202.6783198,1054000,1255.68302,1
68,Samut Sakhon,Samut Sakhon,2020,0.17415364,277863,3925.782555,0.013262779,4973,137066,0.128700469,630619,0.592130516,2.96E+11,6115.952167,0.020662001,204698.9166,0.691550394,10366.68192,0.035022574,839.3838122,207.8796571,1065000,1268.787871,1
68,Samut Sakhon,Samut Sakhon,2021,0.17679593,278001,3920.981149,0.013113649,8494,138632,0.128840149,677826,0.629949814,2.99E+11,5639.900492,0.018862543,205150.6479,0.686122568,10418.7881,0.034845445,839.3838122,211.9748101,1076000,1281.892722,1
17,Saraburi,Saraburi,2014,0.35114816,202239,2849.42018,0.018996135,7768,21502,0.029056757,388111,0.524474324,1.50E+11,6131.52436,0.040876829,83756.30777,0.558375385,4983.261335,0.033221742,3500.60375,95.7825098,740000,211.3921063,1
17,Saraburi,Saraburi,2015,0.33512199,203270,2798.811364,0.018535175,3931,18991,0.025491275,442254,0.59362953,1.51E+11,5713.566032,0.037838186,81422.99072,0.539225104,5384.804178,0.035660955,3500.60375,96.2102654,745000,212.8204313,1
17,Saraburi,Saraburi,2016,0.3303214,209085,3114.530379,0.019837773,4389,9833,0.013110667,427743,0.570324,1.57E+11,5799.736179,0.036940995,82329.89618,0.524394243,5546.689054,0.03532923,3500.60375,96.42414138,750000,214.2487564,1
17,Saraburi,Saraburi,2017,0.31485534,205510,2179.691058,0.014062523,1192,12860,0.017033113,461235,0.610907285,1.55E+11,6159.21546,0.039736874,82493.13222,0.532213756,5692.803319,0.036727763,3500.60375,96.63802536,755000,215.6770814,1
17,Saraburi,Saraburi,2018,0.31849658,211026,2013.988057,0.012587425,0,7717,0.010180739,493426,0.650957784,1.60E+11,6522.788201,0.040767426,87357.51769,0.545984486,6074.856214,0.037967851,3500.60375,97.70740719,758000,216.5340764,1
17,Saraburi,Saraburi,2019,0.32866901,210262,1769.010733,0.011056317,1770,6835,0.008993421,466641,0.614001316,1.60E+11,6201.772112,0.038761076,82043.19278,0.512769955,6562.467501,0.041015422,3500.60375,99.41841357,760000,217.1054065,1
17,Saraburi,Saraburi,2020,0.32155716,198703,2583.55123,0.017109611,1392,26084,0.034230971,479796,0.629653543,1.51E+11,5204.380703,0.034466097,81383.92138,0.538966367,6711.035536,0.044443944,3500.60375,99.41841357,762000,217.6767365,1
17,Saraburi,Saraburi,2021,0.31116128,201692,3100.515615,0.020133218,1559,23622,0.030959371,504576,0.661305374,1.54E+11,5196.801452,0.033745464,82397.43987,0.535048311,7048.296131,0.045768157,3500.60375,99.63229277,763000,217.9624015,1
