province_id,province,year,total_knowledge_service
67,Amnat Chareon,1995,323.29275
67,Amnat Chareon,1996,361.827933
67,Amnat Chareon,1997,352.548397
67,Amnat Chareon,1998,318.490423
67,Amnat Chareon,1999,270.808495
67,Amnat Chareon,2000,274.609112
67,Amnat Chareon,2001,293.222746
67,Amnat Chareon,2002,321.863411
67,Amnat Chareon,2003,375.39581
67,Amnat Chareon,2004,451.323583
67,Amnat Chareon,2005,649.067805
67,Amnat Chareon,2006,891.877356
67,Amnat Chareon,2007,912.129381
67,Amnat Chareon,2008,679.28109
67,Amnat Chareon,2009,735.525849
67,Amnat Chareon,2010,828.183483
67,Amnat Chareon,2011,859.140459
67,Amnat Chareon,2012,962.008375
67,Amnat Chareon,2013,1102.492074
67,Amnat Chareon,2014,1226.607422
67,Amnat Chareon,2015,1357.300044
67,Amnat Chareon,2016,1520.964917
67,Amnat Chareon,2017,1635.805274
67,Amnat Chareon,2018,1761.822252
67,Amnat Chareon,2019,1795.89019
67,Amnat Chareon,2020,1784.442691
67,Amnat Chareon,2021,2112.732055
45,Ang Thong,1995,1321.265611
45,Ang Thong,1996,947.07474
45,Ang Thong,1997,866.886106
45,Ang Thong,1998,829.826041
45,Ang Thong,1999,661.292124
45,Ang Thong,2000,638.125879
45,Ang Thong,2001,700.382771
45,Ang Thong,2002,742.81307
45,Ang Thong,2003,804.896007
45,Ang Thong,2004,864.711879
45,Ang Thong,2005,975.286076
45,Ang Thong,2006,1066.479381
45,Ang Thong,2007,1091.637238
45,Ang Thong,2008,1009.263368
45,Ang Thong,2009,1075.209758
45,Ang Thong,2010,1064.896623
45,Ang Thong,2011,1083.952217
45,Ang Thong,2012,1233.894693
45,Ang Thong,2013,1251.314313
45,Ang Thong,2014,1358.434777
45,Ang Thong,2015,1503.321713
45,Ang Thong,2016,1716.242953
45,Ang Thong,2017,1793.202444
45,Ang Thong,2018,1917.610059
45,Ang Thong,2019,1908.968937
45,Ang Thong,2020,1955.467248
45,Ang Thong,2021,1928.94843
14,Bangkok,1995,446994.8862
14,Bangkok,1996,449713.6783
14,Bangkok,1997,346951.1007
14,Bangkok,1998,220408.8992
14,Bangkok,1999,217206.7051
14,Bangkok,2000,262069.1632
14,Bangkok,2001,304569.4932
14,Bangkok,2002,350371.1283
14,Bangkok,2003,393185.9444
14,Bangkok,2004,443567.9038
14,Bangkok,2005,477794.7993
14,Bangkok,2006,505822.4461
14,Bangkok,2007,515875.8497
14,Bangkok,2008,531799.1538
14,Bangkok,2009,548111.1704
14,Bangkok,2010,572366.785
14,Bangkok,2011,617388.1302
14,Bangkok,2012,697005.3853
14,Bangkok,2013,768425.3917
14,Bangkok,2014,800489.1224
14,Bangkok,2015,864665.5211
14,Bangkok,2016,901298.4399
14,Bangkok,2017,942427.8599
14,Bangkok,2018,989427.813
14,Bangkok,2019,1043348.448
14,Bangkok,2020,1064121.451
14,Bangkok,2021,1128729.93
39,Bueng Kan,1995,0
39,Bueng Kan,1996,0
39,Bueng Kan,1997,0
39,Bueng Kan,1998,0
39,Bueng Kan,1999,0
39,Bueng Kan,2000,0
39,Bueng Kan,2001,0
39,Bueng Kan,2002,0
39,Bueng Kan,2003,0
39,Bueng Kan,2004,0
39,Bueng Kan,2005,0
39,Bueng Kan,2006,0
39,Bueng Kan,2007,0
39,Bueng Kan,2008,0
39,Bueng Kan,2009,0
39,Bueng Kan,2010,0
39,Bueng Kan,2011,293.062724
39,Bueng Kan,2012,498.429443
39,Bueng Kan,2013,824.140149
39,Bueng Kan,2014,883.856249
39,Bueng Kan,2015,1001.035408
39,Bueng Kan,2016,1073.541115
39,Bueng Kan,2017,1199.489489
39,Bueng Kan,2018,1353.175874
39,Bueng Kan,2019,1371.276244
39,Bueng Kan,2020,1388.671901
39,Bueng Kan,2021,1427.05471
35,Buri Ram,1995,1561.282553
35,Buri Ram,1996,1681.91024
35,Buri Ram,1997,1625.790555
35,Buri Ram,1998,1553.383116
35,Buri Ram,1999,1346.579069
35,Buri Ram,2000,1364.830672
35,Buri Ram,2001,1504.997449
35,Buri Ram,2002,1626.320691
35,Buri Ram,2003,1696.164837
35,Buri Ram,2004,1879.33491
35,Buri Ram,2005,2146.727599
35,Buri Ram,2006,2299.759201
35,Buri Ram,2007,2491.87685
35,Buri Ram,2008,2551.332198
35,Buri Ram,2009,2711.415913
35,Buri Ram,2010,2877.398392
35,Buri Ram,2011,2974.402583
35,Buri Ram,2012,3402.477992
35,Buri Ram,2013,3798.494453
35,Buri Ram,2014,4186.585025
35,Buri Ram,2015,4614.668485
35,Buri Ram,2016,4993.387525
35,Buri Ram,2017,5337.558625
35,Buri Ram,2018,5746.008482
35,Buri Ram,2019,5889.583985
35,Buri Ram,2020,6037.504363
35,Buri Ram,2021,6114.409918
4,Chachoengsao,1995,2899.487277
4,Chachoengsao,1996,3441.666533
4,Chachoengsao,1997,3154.363695
4,Chachoengsao,1998,2723.101615
4,Chachoengsao,1999,2069.812187
4,Chachoengsao,2000,2149.737389
4,Chachoengsao,2001,2327.638994
4,Chachoengsao,2002,2604.010032
4,Chachoengsao,2003,2889.796232
4,Chachoengsao,2004,3316.922555
4,Chachoengsao,2005,3742.960836
4,Chachoengsao,2006,3989.566409
4,Chachoengsao,2007,4202.368188
4,Chachoengsao,2008,4210.68703
4,Chachoengsao,2009,4292.745751
4,Chachoengsao,2010,4329.556106
4,Chachoengsao,2011,4639.185518
4,Chachoengsao,2012,5363.030497
4,Chachoengsao,2013,5524.627573
4,Chachoengsao,2014,5828.678713
4,Chachoengsao,2015,6407.066493
4,Chachoengsao,2016,7028.268264
4,Chachoengsao,2017,7130.206462
4,Chachoengsao,2018,7466.887155
4,Chachoengsao,2019,8239.174774
4,Chachoengsao,2020,8130.559179
4,Chachoengsao,2021,8220.975564
66,Chai Nat,1995,1452.093596
66,Chai Nat,1996,895.095605
66,Chai Nat,1997,825.531529
66,Chai Nat,1998,792.553533
66,Chai Nat,1999,656.441849
66,Chai Nat,2000,634.984942
66,Chai Nat,2001,710.697836
66,Chai Nat,2002,776.583255
66,Chai Nat,2003,839.707198
66,Chai Nat,2004,893.439648
66,Chai Nat,2005,1044.49084
66,Chai Nat,2006,1163.230811
66,Chai Nat,2007,1077.163572
66,Chai Nat,2008,1068.520338
66,Chai Nat,2009,1094.792095
66,Chai Nat,2010,1123.11093
66,Chai Nat,2011,1190.496193
66,Chai Nat,2012,1376.552639
66,Chai Nat,2013,1416.229787
66,Chai Nat,2014,1524.908432
66,Chai Nat,2015,1658.962314
66,Chai Nat,2016,1783.304957
66,Chai Nat,2017,1893.502216
66,Chai Nat,2018,1970.337184
66,Chai Nat,2019,1989.032382
66,Chai Nat,2020,2038.149605
66,Chai Nat,2021,1988.42916
9,Chaiyaphum,1995,1162.130501
9,Chaiyaphum,1996,1306.250813
9,Chaiyaphum,1997,1237.877729
9,Chaiyaphum,1998,1104.823654
9,Chaiyaphum,1999,1089.404842
9,Chaiyaphum,2000,1142.795447
9,Chaiyaphum,2001,1262.892027
9,Chaiyaphum,2002,1342.736601
9,Chaiyaphum,2003,1479.841574
9,Chaiyaphum,2004,1604.674512
9,Chaiyaphum,2005,1798.32679
9,Chaiyaphum,2006,1956.865645
9,Chaiyaphum,2007,2290.016617
9,Chaiyaphum,2008,2520.422507
9,Chaiyaphum,2009,2842.06406
9,Chaiyaphum,2010,2804.105762
9,Chaiyaphum,2011,2575.118176
9,Chaiyaphum,2012,2900.611413
9,Chaiyaphum,2013,3022.232504
9,Chaiyaphum,2014,3468.170446
9,Chaiyaphum,2015,4014.207078
9,Chaiyaphum,2016,4452.910297
9,Chaiyaphum,2017,4434.288039
9,Chaiyaphum,2018,4735.87637
9,Chaiyaphum,2019,5039.793182
9,Chaiyaphum,2020,4941.045105
9,Chaiyaphum,2021,5151.473956
71,Chanthaburi,1995,2373.9357
71,Chanthaburi,1996,2517.919601
71,Chanthaburi,1997,2276.67406
71,Chanthaburi,1998,2213.892601
71,Chanthaburi,1999,1701.957048
71,Chanthaburi,2000,1767.632113
71,Chanthaburi,2001,2000.765414
71,Chanthaburi,2002,2072.573907
71,Chanthaburi,2003,2194.193479
71,Chanthaburi,2004,2188.366135
71,Chanthaburi,2005,2614.734175
71,Chanthaburi,2006,2324.360347
71,Chanthaburi,2007,2409.393212
71,Chanthaburi,2008,2377.353918
71,Chanthaburi,2009,2478.886829
71,Chanthaburi,2010,2809.584049
71,Chanthaburi,2011,2954.403925
71,Chanthaburi,2012,2804.335191
71,Chanthaburi,2013,3112.404104
71,Chanthaburi,2014,3423.54462
71,Chanthaburi,2015,3815.98351
71,Chanthaburi,2016,4207.719857
71,Chanthaburi,2017,4486.271603
71,Chanthaburi,2018,4832.704612
71,Chanthaburi,2019,5192.102212
71,Chanthaburi,2020,5504.90778
71,Chanthaburi,2021,5613.77793
65,Chiang Mai,1995,11782.37469
65,Chiang Mai,1996,12889.72745
65,Chiang Mai,1997,11820.63165
65,Chiang Mai,1998,9288.18664
65,Chiang Mai,1999,6546.526184
65,Chiang Mai,2000,6611.841411
65,Chiang Mai,2001,7200.007487
65,Chiang Mai,2002,8738.047595
65,Chiang Mai,2003,9636.282917
65,Chiang Mai,2004,9707.595468
65,Chiang Mai,2005,8797.556221
65,Chiang Mai,2006,9609.576892
65,Chiang Mai,2007,9361.42866
65,Chiang Mai,2008,9784.868006
65,Chiang Mai,2009,10205.99188
65,Chiang Mai,2010,10273.30592
65,Chiang Mai,2011,11383.9726
65,Chiang Mai,2012,13092.20655
65,Chiang Mai,2013,13698.88039
65,Chiang Mai,2014,14872.494
65,Chiang Mai,2015,15993.76167
65,Chiang Mai,2016,17515.76936
65,Chiang Mai,2017,18424.23782
65,Chiang Mai,2018,20738.78788
65,Chiang Mai,2019,21491.19905
65,Chiang Mai,2020,19875.32589
65,Chiang Mai,2021,18649.31169
25,Chiang Rai,1995,3000.593008
25,Chiang Rai,1996,3375.961565
25,Chiang Rai,1997,3082.423113
25,Chiang Rai,1998,2728.667486
25,Chiang Rai,1999,2194.110221
25,Chiang Rai,2000,2239.539312
25,Chiang Rai,2001,2365.450898
25,Chiang Rai,2002,2612.270789
25,Chiang Rai,2003,2770.584655
25,Chiang Rai,2004,2972.162039
25,Chiang Rai,2005,3105.131085
25,Chiang Rai,2006,3351.857986
25,Chiang Rai,2007,3391.558527
25,Chiang Rai,2008,3399.201934
25,Chiang Rai,2009,3693.257913
25,Chiang Rai,2010,4033.500692
25,Chiang Rai,2011,4221.821797
25,Chiang Rai,2012,4641.181794
25,Chiang Rai,2013,4961.380363
25,Chiang Rai,2014,5523.022642
25,Chiang Rai,2015,6000.259347
25,Chiang Rai,2016,6242.02068
25,Chiang Rai,2017,6616.639644
25,Chiang Rai,2018,7004.840451
25,Chiang Rai,2019,7307.805128
25,Chiang Rai,2020,7170.727121
25,Chiang Rai,2021,7230.465708
64,Chon Buri,1995,10959.94308
64,Chon Buri,1996,12039.40926
64,Chon Buri,1997,11105.2842
64,Chon Buri,1998,9451.47051
64,Chon Buri,1999,7627.676162
64,Chon Buri,2000,8340.139056
64,Chon Buri,2001,9104.1225
64,Chon Buri,2002,10093.84606
64,Chon Buri,2003,11585.34508
64,Chon Buri,2004,14490.25183
64,Chon Buri,2005,18986.76921
64,Chon Buri,2006,18976.04125
64,Chon Buri,2007,20589.30943
64,Chon Buri,2008,20422.38718
64,Chon Buri,2009,20295.52868
64,Chon Buri,2010,21101.71408
64,Chon Buri,2011,22521.65436
64,Chon Buri,2012,23789.40935
64,Chon Buri,2013,25184.5894
64,Chon Buri,2014,26539.28013
64,Chon Buri,2015,29334.2454
64,Chon Buri,2016,30184.39133
64,Chon Buri,2017,32017.06889
64,Chon Buri,2018,33822.28632
64,Chon Buri,2019,35319.16526
64,Chon Buri,2020,33948.38815
64,Chon Buri,2021,35037.11954
19,Chumphon,1995,1389.613689
19,Chumphon,1996,1532.615207
19,Chumphon,1997,1367.759236
19,Chumphon,1998,1219.239863
19,Chumphon,1999,1036.754392
19,Chumphon,2000,1046.503545
19,Chumphon,2001,1240.954163
19,Chumphon,2002,1346.711133
19,Chumphon,2003,1412.628133
19,Chumphon,2004,1574.245876
19,Chumphon,2005,1774.915028
19,Chumphon,2006,1768.520807
19,Chumphon,2007,1779.008158
19,Chumphon,2008,1776.627581
19,Chumphon,2009,1888.884772
19,Chumphon,2010,1879.357609
19,Chumphon,2011,2023.117489
19,Chumphon,2012,2241.882386
19,Chumphon,2013,2559.917973
19,Chumphon,2014,2780.497961
19,Chumphon,2015,3137.391318
19,Chumphon,2016,3256.986035
19,Chumphon,2017,3724.396631
19,Chumphon,2018,3955.944407
19,Chumphon,2019,3822.885617
19,Chumphon,2020,4218.400219
19,Chumphon,2021,4321.864206
20,Kalasin,1995,904.542215
20,Kalasin,1996,1018.029227
20,Kalasin,1997,985.838143
20,Kalasin,1998,940.016139
20,Kalasin,1999,883.982653
20,Kalasin,2000,860.511249
20,Kalasin,2001,984.90841
20,Kalasin,2002,1092.344197
20,Kalasin,2003,1200.92443
20,Kalasin,2004,1301.478456
20,Kalasin,2005,1492.79862
20,Kalasin,2006,1607.504582
20,Kalasin,2007,1668.568188
20,Kalasin,2008,1720.402738
20,Kalasin,2009,1944.790271
20,Kalasin,2010,1969.068228
20,Kalasin,2011,2059.832645
20,Kalasin,2012,2255.68001
20,Kalasin,2013,2824.199745
20,Kalasin,2014,2693.732389
20,Kalasin,2015,2943.833504
20,Kalasin,2016,3502.85227
20,Kalasin,2017,3499.362171
20,Kalasin,2018,3738.290844
20,Kalasin,2019,3740.317702
20,Kalasin,2020,3821.60189
20,Kalasin,2021,3917.968383
36,Kam Phaeng Phet,1995,1169.241301
36,Kam Phaeng Phet,1996,1305.273944
36,Kam Phaeng Phet,1997,1158.972543
36,Kam Phaeng Phet,1998,1056.6273
36,Kam Phaeng Phet,1999,893.932866
36,Kam Phaeng Phet,2000,916.283346
36,Kam Phaeng Phet,2001,1068.211857
36,Kam Phaeng Phet,2002,1113.291026
36,Kam Phaeng Phet,2003,1291.144456
36,Kam Phaeng Phet,2004,1442.024949
36,Kam Phaeng Phet,2005,1657.389561
36,Kam Phaeng Phet,2006,1736.482033
36,Kam Phaeng Phet,2007,1894.943574
36,Kam Phaeng Phet,2008,1814.070768
36,Kam Phaeng Phet,2009,1967.888611
36,Kam Phaeng Phet,2010,2047.071112
36,Kam Phaeng Phet,2011,2257.751866
36,Kam Phaeng Phet,2012,2602.773961
36,Kam Phaeng Phet,2013,2800.048395
36,Kam Phaeng Phet,2014,2826.229397
36,Kam Phaeng Phet,2015,3174.381847
36,Kam Phaeng Phet,2016,3242.206614
36,Kam Phaeng Phet,2017,3353.044987
36,Kam Phaeng Phet,2018,3552.655293
36,Kam Phaeng Phet,2019,3617.592144
36,Kam Phaeng Phet,2020,3734.591857
36,Kam Phaeng Phet,2021,3546.190551
73,Kanchanaburi,1995,2039.991012
73,Kanchanaburi,1996,2425.262354
73,Kanchanaburi,1997,2215.998129
73,Kanchanaburi,1998,1879.311933
73,Kanchanaburi,1999,1502.425775
73,Kanchanaburi,2000,1591.406029
73,Kanchanaburi,2001,1754.077587
73,Kanchanaburi,2002,1889.09729
73,Kanchanaburi,2003,2055.63983
73,Kanchanaburi,2004,2156.364021
73,Kanchanaburi,2005,2206.405695
73,Kanchanaburi,2006,2304.226873
73,Kanchanaburi,2007,2461.461395
73,Kanchanaburi,2008,2439.376521
73,Kanchanaburi,2009,2681.410514
73,Kanchanaburi,2010,2683.654206
73,Kanchanaburi,2011,2708.561946
73,Kanchanaburi,2012,2814.033748
73,Kanchanaburi,2013,2903.33617
73,Kanchanaburi,2014,3202.563073
73,Kanchanaburi,2015,3853.857269
73,Kanchanaburi,2016,4569.48083
73,Kanchanaburi,2017,4770.624352
73,Kanchanaburi,2018,4849.180729
73,Kanchanaburi,2019,5026.94225
73,Kanchanaburi,2020,4618.926542
73,Kanchanaburi,2021,4586.533409
15,Khon Kaen,1995,4755.638843
15,Khon Kaen,1996,5450.970457
15,Khon Kaen,1997,5177.422164
15,Khon Kaen,1998,4110.2358
15,Khon Kaen,1999,3395.78733
15,Khon Kaen,2000,3433.061799
15,Khon Kaen,2001,3686.019459
15,Khon Kaen,2002,4036.401855
15,Khon Kaen,2003,4296.885825
15,Khon Kaen,2004,4513.629587
15,Khon Kaen,2005,4776.468107
15,Khon Kaen,2006,4961.992943
15,Khon Kaen,2007,5285.086403
15,Khon Kaen,2008,5250.659837
15,Khon Kaen,2009,5713.933287
15,Khon Kaen,2010,5877.032582
15,Khon Kaen,2011,6224.021897
15,Khon Kaen,2012,6951.717836
15,Khon Kaen,2013,7740.827966
15,Khon Kaen,2014,8287.569455
15,Khon Kaen,2015,8911.116874
15,Khon Kaen,2016,9535.634712
15,Khon Kaen,2017,10083.18271
15,Khon Kaen,2018,10932.20903
15,Khon Kaen,2019,11836.79757
15,Khon Kaen,2020,11896.54827
15,Khon Kaen,2021,11890.5286
63,Krabi,1995,1065.704787
63,Krabi,1996,1109.56758
63,Krabi,1997,1028.374622
63,Krabi,1998,923.255568
63,Krabi,1999,822.573015
63,Krabi,2000,961.991524
63,Krabi,2001,1180.751782
63,Krabi,2002,1243.907827
63,Krabi,2003,1463.691306
63,Krabi,2004,1690.81581
63,Krabi,2005,1366.040049
63,Krabi,2006,1811.235878
63,Krabi,2007,2092.238282
63,Krabi,2008,2216.034111
63,Krabi,2009,2281.086992
63,Krabi,2010,2049.583397
63,Krabi,2011,2344.47982
63,Krabi,2012,2840.312936
63,Krabi,2013,3544.675108
63,Krabi,2014,3918.524016
63,Krabi,2015,4323.912079
63,Krabi,2016,4493.597731
63,Krabi,2017,5148.46999
63,Krabi,2018,5666.517449
63,Krabi,2019,5824.32194
63,Krabi,2020,3742.365222
63,Krabi,2021,3398.175676
37,Lampang,1995,2026.108586
37,Lampang,1996,2228.752965
37,Lampang,1997,2130.268596
37,Lampang,1998,1782.959088
37,Lampang,1999,1539.946962
37,Lampang,2000,1577.574308
37,Lampang,2001,1780.381635
37,Lampang,2002,1885.568634
37,Lampang,2003,2088.670968
37,Lampang,2004,2138.454951
37,Lampang,2005,2148.853842
37,Lampang,2006,2225.995091
37,Lampang,2007,2247.820011
37,Lampang,2008,2197.942848
37,Lampang,2009,2380.469525
37,Lampang,2010,2452.662334
37,Lampang,2011,2538.536819
37,Lampang,2012,2937.785716
37,Lampang,2013,3097.434513
37,Lampang,2014,3377.810133
37,Lampang,2015,3447.072555
37,Lampang,2016,3547.611271
37,Lampang,2017,3854.958717
37,Lampang,2018,4175.115745
37,Lampang,2019,4312.75143
37,Lampang,2020,4293.115377
37,Lampang,2021,4202.243557
28,Lamphun,1995,953.940561
28,Lamphun,1996,996.976902
28,Lamphun,1997,1000.345904
28,Lamphun,1998,896.54643
28,Lamphun,1999,794.127365
28,Lamphun,2000,818.530946
28,Lamphun,2001,935.590502
28,Lamphun,2002,1038.552148
28,Lamphun,2003,1069.338259
28,Lamphun,2004,1149.948335
28,Lamphun,2005,1272.617228
28,Lamphun,2006,1407.355651
28,Lamphun,2007,1415.955561
28,Lamphun,2008,1402.731931
28,Lamphun,2009,1464.407112
28,Lamphun,2010,1510.780913
28,Lamphun,2011,1613.710757
28,Lamphun,2012,1759.166502
28,Lamphun,2013,1858.043029
28,Lamphun,2014,2092.157061
28,Lamphun,2015,2294.633922
28,Lamphun,2016,2430.533533
28,Lamphun,2017,2577.805387
28,Lamphun,2018,2777.470952
28,Lamphun,2019,2974.962629
28,Lamphun,2020,2909.474833
28,Lamphun,2021,2850.750871
16,Loei,1995,746.711781
16,Loei,1996,856.871332
16,Loei,1997,783.229589
16,Loei,1998,757.534179
16,Loei,1999,563.444395
16,Loei,2000,675.647684
16,Loei,2001,798.75939
16,Loei,2002,853.817842
16,Loei,2003,964.567594
16,Loei,2004,1063.898393
16,Loei,2005,1163.636891
16,Loei,2006,1258.949411
16,Loei,2007,1263.313181
16,Loei,2008,1310.156309
16,Loei,2009,1530.609362
16,Loei,2010,1597.355313
16,Loei,2011,1725.194456
16,Loei,2012,1902.518243
16,Loei,2013,2048.76761
16,Loei,2014,2147.647825
16,Loei,2015,2378.384325
16,Loei,2016,2468.870999
16,Loei,2017,2667.734908
16,Loei,2018,2914.790773
16,Loei,2019,2975.853401
16,Loei,2020,3071.122763
16,Loei,2021,2961.806352
62,Lop Buri,1995,2366.261683
62,Lop Buri,1996,2388.865245
62,Lop Buri,1997,2145.0573
62,Lop Buri,1998,1992.091284
62,Lop Buri,1999,1645.088243
62,Lop Buri,2000,1658.22922
62,Lop Buri,2001,1948.544579
62,Lop Buri,2002,1887.995982
62,Lop Buri,2003,2042.944105
62,Lop Buri,2004,2051.714457
62,Lop Buri,2005,2185.79342
62,Lop Buri,2006,2412.533896
62,Lop Buri,2007,2391.188849
62,Lop Buri,2008,2365.635712
62,Lop Buri,2009,2485.469649
62,Lop Buri,2010,2695.509709
62,Lop Buri,2011,2797.306829
62,Lop Buri,2012,3146.218519
62,Lop Buri,2013,3291.410807
62,Lop Buri,2014,3431.297781
62,Lop Buri,2015,3602.714992
62,Lop Buri,2016,3944.868113
62,Lop Buri,2017,4164.382633
62,Lop Buri,2018,4373.029845
62,Lop Buri,2019,4448.904904
62,Lop Buri,2020,4970.078689
62,Lop Buri,2021,4764.775147
74,Mae Hong Son,1995,301.344177
74,Mae Hong Son,1996,341.501762
74,Mae Hong Son,1997,329.549222
74,Mae Hong Son,1998,300.623657
74,Mae Hong Son,1999,261.066167
74,Mae Hong Son,2000,263.341041
74,Mae Hong Son,2001,308.375562
74,Mae Hong Son,2002,334.961985
74,Mae Hong Son,2003,392.172978
74,Mae Hong Son,2004,403.791151
74,Mae Hong Son,2005,393.050639
74,Mae Hong Son,2006,430.429756
74,Mae Hong Son,2007,437.347351
74,Mae Hong Son,2008,475.783997
74,Mae Hong Son,2009,511.052472
74,Mae Hong Son,2010,517.027156
74,Mae Hong Son,2011,545.84682
74,Mae Hong Son,2012,542.109746
74,Mae Hong Son,2013,595.198015
74,Mae Hong Son,2014,688.441427
74,Mae Hong Son,2015,785.073204
74,Mae Hong Son,2016,824.37947
74,Mae Hong Son,2017,902.741266
74,Mae Hong Son,2018,964.915981
74,Mae Hong Son,2019,1020.259925
74,Mae Hong Son,2020,979.806326
74,Mae Hong Son,2021,962.599501
46,Maha Sarakham,1995,1103.095167
46,Maha Sarakham,1996,1296.66289
46,Maha Sarakham,1997,1208.598554
46,Maha Sarakham,1998,1167.740948
46,Maha Sarakham,1999,1045.301984
46,Maha Sarakham,2000,1065.002088
46,Maha Sarakham,2001,1191.012584
46,Maha Sarakham,2002,1274.377004
46,Maha Sarakham,2003,1380.57779
46,Maha Sarakham,2004,1491.636465
46,Maha Sarakham,2005,1669.936417
46,Maha Sarakham,2006,1986.000817
46,Maha Sarakham,2007,2047.747264
46,Maha Sarakham,2008,1998.620205
46,Maha Sarakham,2009,1925.283974
46,Maha Sarakham,2010,2612.364832
46,Maha Sarakham,2011,2457.224442
46,Maha Sarakham,2012,2689.028021
46,Maha Sarakham,2013,2935.557079
46,Maha Sarakham,2014,3240.746181
46,Maha Sarakham,2015,3576.499185
46,Maha Sarakham,2016,3940.086993
46,Maha Sarakham,2017,4225.48392
46,Maha Sarakham,2018,4717.002722
46,Maha Sarakham,2019,4743.649473
46,Maha Sarakham,2020,4831.975918
46,Maha Sarakham,2021,4969.89551
61,Mukdahan,1995,571.38165
61,Mukdahan,1996,582.538685
61,Mukdahan,1997,514.249801
61,Mukdahan,1998,450.950234
61,Mukdahan,1999,370.953997
61,Mukdahan,2000,389.06184
61,Mukdahan,2001,437.428662
61,Mukdahan,2002,481.669145
61,Mukdahan,2003,520.021168
61,Mukdahan,2004,564.432241
61,Mukdahan,2005,606.793936
61,Mukdahan,2006,688.146951
61,Mukdahan,2007,656.624068
61,Mukdahan,2008,621.773034
61,Mukdahan,2009,848.722756
61,Mukdahan,2010,835.449025
61,Mukdahan,2011,870.435657
61,Mukdahan,2012,966.539288
61,Mukdahan,2013,1048.888707
61,Mukdahan,2014,1124.545943
61,Mukdahan,2015,1237.951943
61,Mukdahan,2016,1279.441385
61,Mukdahan,2017,1368.640856
61,Mukdahan,2018,1518.379361
61,Mukdahan,2019,1605.7738
61,Mukdahan,2020,1588.983983
61,Mukdahan,2021,1724.111629
60,Nakhon Nayok,1995,776.369703
60,Nakhon Nayok,1996,885.469921
60,Nakhon Nayok,1997,835.544191
60,Nakhon Nayok,1998,773.640839
60,Nakhon Nayok,1999,617.495582
60,Nakhon Nayok,2000,631.354134
60,Nakhon Nayok,2001,664.784205
60,Nakhon Nayok,2002,692.218932
60,Nakhon Nayok,2003,751.021585
60,Nakhon Nayok,2004,798.4511
60,Nakhon Nayok,2005,859.999521
60,Nakhon Nayok,2006,926.108963
60,Nakhon Nayok,2007,894.202897
60,Nakhon Nayok,2008,937.233773
60,Nakhon Nayok,2009,972.221263
60,Nakhon Nayok,2010,1139.874487
60,Nakhon Nayok,2011,1273.00575
60,Nakhon Nayok,2012,1018.845898
60,Nakhon Nayok,2013,1051.946118
60,Nakhon Nayok,2014,1178.479619
60,Nakhon Nayok,2015,1370.371214
60,Nakhon Nayok,2016,1414.041938
60,Nakhon Nayok,2017,1503.241417
60,Nakhon Nayok,2018,1618.332247
60,Nakhon Nayok,2019,1607.621323
60,Nakhon Nayok,2020,1548.167224
60,Nakhon Nayok,2021,1512.763465
27,Nakhon Pathom,1995,4671.339708
27,Nakhon Pathom,1996,5295.943446
27,Nakhon Pathom,1997,4792.271436
27,Nakhon Pathom,1998,4214.462754
27,Nakhon Pathom,1999,3039.29385
27,Nakhon Pathom,2000,3198.208602
27,Nakhon Pathom,2001,3546.476144
27,Nakhon Pathom,2002,3911.341379
27,Nakhon Pathom,2003,4308.465339
27,Nakhon Pathom,2004,4565.559185
27,Nakhon Pathom,2005,4839.805335
27,Nakhon Pathom,2006,5059.164682
27,Nakhon Pathom,2007,5203.238356
27,Nakhon Pathom,2008,5271.022532
27,Nakhon Pathom,2009,5603.447496
27,Nakhon Pathom,2010,5623.327125
27,Nakhon Pathom,2011,6240.012806
27,Nakhon Pathom,2012,7009.319307
27,Nakhon Pathom,2013,7761.577009
27,Nakhon Pathom,2014,8620.454934
27,Nakhon Pathom,2015,9083.906697
27,Nakhon Pathom,2016,9821.476241
27,Nakhon Pathom,2017,10260.55286
27,Nakhon Pathom,2018,11054.01525
27,Nakhon Pathom,2019,11679.45827
27,Nakhon Pathom,2020,11922.25745
27,Nakhon Pathom,2021,11291.63753
72,Nakhon Phanom,1995,776.029388
72,Nakhon Phanom,1996,892.134143
72,Nakhon Phanom,1997,837.649275
72,Nakhon Phanom,1998,755.96814
72,Nakhon Phanom,1999,635.783945
72,Nakhon Phanom,2000,660.311308
72,Nakhon Phanom,2001,747.279699
72,Nakhon Phanom,2002,801.111132
72,Nakhon Phanom,2003,831.972544
72,Nakhon Phanom,2004,911.791584
72,Nakhon Phanom,2005,993.219319
72,Nakhon Phanom,2006,1153.709435
72,Nakhon Phanom,2007,1293.06997
72,Nakhon Phanom,2008,1312.853273
72,Nakhon Phanom,2009,1388.403438
72,Nakhon Phanom,2010,1416.009074
72,Nakhon Phanom,2011,1385.48105
72,Nakhon Phanom,2012,1820.263437
72,Nakhon Phanom,2013,1667.974876
72,Nakhon Phanom,2014,1811.288141
72,Nakhon Phanom,2015,2033.580182
72,Nakhon Phanom,2016,2233.229615
72,Nakhon Phanom,2017,2222.633083
72,Nakhon Phanom,2018,2265.795653
72,Nakhon Phanom,2019,2215.799067
72,Nakhon Phanom,2020,2256.489826
72,Nakhon Phanom,2021,2383.492792
6,Nakhon Ratchasima,1995,5459.790428
6,Nakhon Ratchasima,1996,6792.571741
6,Nakhon Ratchasima,1997,6479.219675
6,Nakhon Ratchasima,1998,6086.531231
6,Nakhon Ratchasima,1999,4679.36566
6,Nakhon Ratchasima,2000,4531.842811
6,Nakhon Ratchasima,2001,5055.724926
6,Nakhon Ratchasima,2002,5454.738462
6,Nakhon Ratchasima,2003,5902.961633
6,Nakhon Ratchasima,2004,6394.243644
6,Nakhon Ratchasima,2005,6754.550065
6,Nakhon Ratchasima,2006,6960.436671
6,Nakhon Ratchasima,2007,7282.684421
6,Nakhon Ratchasima,2008,7137.757125
6,Nakhon Ratchasima,2009,7825.971191
6,Nakhon Ratchasima,2010,7923.650674
6,Nakhon Ratchasima,2011,8451.849264
6,Nakhon Ratchasima,2012,9355.90291
6,Nakhon Ratchasima,2013,10526.97666
6,Nakhon Ratchasima,2014,11181.63026
6,Nakhon Ratchasima,2015,11912.62869
6,Nakhon Ratchasima,2016,12880.98295
6,Nakhon Ratchasima,2017,13738.27233
6,Nakhon Ratchasima,2018,14816.31122
6,Nakhon Ratchasima,2019,15697.51792
6,Nakhon Ratchasima,2020,15800.05923
6,Nakhon Ratchasima,2021,15861.66295
2,Nakhon Sawan,1995,3030.690698
2,Nakhon Sawan,1996,3378.158411
2,Nakhon Sawan,1997,3017.978222
2,Nakhon Sawan,1998,2717.680165
2,Nakhon Sawan,1999,2189.979533
2,Nakhon Sawan,2000,2215.760705
2,Nakhon Sawan,2001,2446.718731
2,Nakhon Sawan,2002,2728.177375
2,Nakhon Sawan,2003,2881.401435
2,Nakhon Sawan,2004,3163.261773
2,Nakhon Sawan,2005,3413.264274
2,Nakhon Sawan,2006,3723.20132
2,Nakhon Sawan,2007,3817.637932
2,Nakhon Sawan,2008,3798.419634
2,Nakhon Sawan,2009,4114.894698
2,Nakhon Sawan,2010,4347.531641
2,Nakhon Sawan,2011,4471.649239
2,Nakhon Sawan,2012,5022.593053
2,Nakhon Sawan,2013,5316.390027
2,Nakhon Sawan,2014,5434.518997
2,Nakhon Sawan,2015,5746.715952
2,Nakhon Sawan,2016,5847.877752
2,Nakhon Sawan,2017,6166.902113
2,Nakhon Sawan,2018,6412.013899
2,Nakhon Sawan,2019,6496.3178
2,Nakhon Sawan,2020,6715.078928
2,Nakhon Sawan,2021,6628.071385
59,Nakhon Si Thammarat,1995,3119.927287
59,Nakhon Si Thammarat,1996,3235.914554
59,Nakhon Si Thammarat,1997,3148.614434
59,Nakhon Si Thammarat,1998,2766.225498
59,Nakhon Si Thammarat,1999,2251.1928
59,Nakhon Si Thammarat,2000,2177.664933
59,Nakhon Si Thammarat,2001,2493.613307
59,Nakhon Si Thammarat,2002,2858.396152
59,Nakhon Si Thammarat,2003,3146.916135
59,Nakhon Si Thammarat,2004,3528.833313
59,Nakhon Si Thammarat,2005,3739.827756
59,Nakhon Si Thammarat,2006,4042.850094
59,Nakhon Si Thammarat,2007,4417.000766
59,Nakhon Si Thammarat,2008,4151.958806
59,Nakhon Si Thammarat,2009,4466.011898
59,Nakhon Si Thammarat,2010,4576.319745
59,Nakhon Si Thammarat,2011,4856.799067
59,Nakhon Si Thammarat,2012,5614.701366
59,Nakhon Si Thammarat,2013,6101.664752
59,Nakhon Si Thammarat,2014,6175.602682
59,Nakhon Si Thammarat,2015,6524.941703
59,Nakhon Si Thammarat,2016,7416.832099
59,Nakhon Si Thammarat,2017,7766.966971
59,Nakhon Si Thammarat,2018,8293.862755
59,Nakhon Si Thammarat,2019,8153.621667
59,Nakhon Si Thammarat,2020,8379.807955
59,Nakhon Si Thammarat,2021,8701.651218
70,Nan,1995,629.392703
70,Nan,1996,706.547571
70,Nan,1997,661.567178
70,Nan,1998,648.672365
70,Nan,1999,614.583072
70,Nan,2000,617.910467
70,Nan,2001,675.593453
70,Nan,2002,742.0162
70,Nan,2003,846.717472
70,Nan,2004,896.599823
70,Nan,2005,969.591917
70,Nan,2006,1227.690194
70,Nan,2007,1392.932817
70,Nan,2008,1556.849219
70,Nan,2009,1491.574314
70,Nan,2010,1519.145538
70,Nan,2011,1526.559843
70,Nan,2012,1598.002579
70,Nan,2013,1742.440251
70,Nan,2014,1968.272823
70,Nan,2015,2204.089281
70,Nan,2016,2324.311081
70,Nan,2017,2442.560908
70,Nan,2018,2652.414025
70,Nan,2019,2667.222429
70,Nan,2020,2729.922347
70,Nan,2021,2644.195505
40,Narathiwat,1995,1104.998799
40,Narathiwat,1996,1221.785676
40,Narathiwat,1997,1086.340431
40,Narathiwat,1998,895.390374
40,Narathiwat,1999,735.580003
40,Narathiwat,2000,738.631502
40,Narathiwat,2001,845.314764
40,Narathiwat,2002,926.32529
40,Narathiwat,2003,961.839387
40,Narathiwat,2004,980.989456
40,Narathiwat,2005,1018.994633
40,Narathiwat,2006,990.668994
40,Narathiwat,2007,946.991063
40,Narathiwat,2008,1077.718677
40,Narathiwat,2009,1120.123558
40,Narathiwat,2010,1265.193117
40,Narathiwat,2011,1307.479627
40,Narathiwat,2012,1341.938836
40,Narathiwat,2013,1314.48806
40,Narathiwat,2014,1521.584716
40,Narathiwat,2015,1652.925583
40,Narathiwat,2016,1734.336585
40,Narathiwat,2017,1910.466969
40,Narathiwat,2018,2068.329364
40,Narathiwat,2019,2148.128286
40,Narathiwat,2020,2174.94135
40,Narathiwat,2021,2266.731787
13,Nong Khai,1995,1186.997458
13,Nong Khai,1996,1293.239895
13,Nong Khai,1997,1162.252001
13,Nong Khai,1998,1056.205837
13,Nong Khai,1999,887.837515
13,Nong Khai,2000,935.738963
13,Nong Khai,2001,1053.362961
13,Nong Khai,2002,1137.91764
13,Nong Khai,2003,1204.30369
13,Nong Khai,2004,1257.937906
13,Nong Khai,2005,1358.251883
13,Nong Khai,2006,1456.630711
13,Nong Khai,2007,1580.867105
13,Nong Khai,2008,1666.013463
13,Nong Khai,2009,2011.893472
13,Nong Khai,2010,1983.780153
13,Nong Khai,2011,1718.764045
13,Nong Khai,2012,1877.73947
13,Nong Khai,2013,1890.956093
13,Nong Khai,2014,2056.85871
13,Nong Khai,2015,2247.072443
13,Nong Khai,2016,2398.820975
13,Nong Khai,2017,2466.235834
13,Nong Khai,2018,2631.921629
13,Nong Khai,2019,2677.679508
13,Nong Khai,2020,2699.281813
13,Nong Khai,2021,2582.171233
3,Nongbua Lamphu,1995,369.517698
3,Nongbua Lamphu,1996,469.851228
3,Nongbua Lamphu,1997,459.400793
3,Nongbua Lamphu,1998,419.323296
3,Nongbua Lamphu,1999,388.024024
3,Nongbua Lamphu,2000,360.96484
3,Nongbua Lamphu,2001,428.56821
3,Nongbua Lamphu,2002,472.280115
3,Nongbua Lamphu,2003,501.714183
3,Nongbua Lamphu,2004,543.419223
3,Nongbua Lamphu,2005,606.510435
3,Nongbua Lamphu,2006,693.986515
3,Nongbua Lamphu,2007,765.800468
3,Nongbua Lamphu,2008,799.687702
3,Nongbua Lamphu,2009,881.538756
3,Nongbua Lamphu,2010,957.421377
3,Nongbua Lamphu,2011,983.907591
3,Nongbua Lamphu,2012,1115.324878
3,Nongbua Lamphu,2013,1188.557045
3,Nongbua Lamphu,2014,1280.26273
3,Nongbua Lamphu,2015,1441.218609
3,Nongbua Lamphu,2016,1604.912228
3,Nongbua Lamphu,2017,1735.289541
3,Nongbua Lamphu,2018,1881.318084
3,Nongbua Lamphu,2019,1870.6928
3,Nongbua Lamphu,2020,2001.378712
3,Nongbua Lamphu,2021,1953.446715
38,Nonthaburi,1995,7159.638108
38,Nonthaburi,1996,9646.442755
38,Nonthaburi,1997,9589.979895
38,Nonthaburi,1998,8040.393408
38,Nonthaburi,1999,7536.094064
38,Nonthaburi,2000,7791.902038
38,Nonthaburi,2001,8721.200738
38,Nonthaburi,2002,9480.006315
38,Nonthaburi,2003,10981.94042
38,Nonthaburi,2004,11934.28412
38,Nonthaburi,2005,13060.28775
38,Nonthaburi,2006,14369.66909
38,Nonthaburi,2007,14911.86808
38,Nonthaburi,2008,17711.99127
38,Nonthaburi,2009,19641.77978
38,Nonthaburi,2010,22777.82072
38,Nonthaburi,2011,24751.23773
38,Nonthaburi,2012,29976.81379
38,Nonthaburi,2013,34780.49172
38,Nonthaburi,2014,38700.8127
38,Nonthaburi,2015,42925.5981
38,Nonthaburi,2016,46163.48147
38,Nonthaburi,2017,50622.02634
38,Nonthaburi,2018,51874.75109
38,Nonthaburi,2019,57079.50976
38,Nonthaburi,2020,59484.07221
38,Nonthaburi,2021,59762.57914
58,Pathum Thani,1995,5040.19977
58,Pathum Thani,1996,6109.171434
58,Pathum Thani,1997,5402.331068
58,Pathum Thani,1998,4965.994855
58,Pathum Thani,1999,5443.189478
58,Pathum Thani,2000,5421.425446
58,Pathum Thani,2001,6705.151637
58,Pathum Thani,2002,6024.721026
58,Pathum Thani,2003,7240.116081
58,Pathum Thani,2004,8992.579133
58,Pathum Thani,2005,10118.00576
58,Pathum Thani,2006,11293.77874
58,Pathum Thani,2007,10858.1434
58,Pathum Thani,2008,12043.82599
58,Pathum Thani,2009,11809.42259
58,Pathum Thani,2010,12311.81949
58,Pathum Thani,2011,11859.86353
58,Pathum Thani,2012,12785.11702
58,Pathum Thani,2013,14864.09161
58,Pathum Thani,2014,15941.16846
58,Pathum Thani,2015,17624.279
58,Pathum Thani,2016,17635.28128
58,Pathum Thani,2017,18334.03714
58,Pathum Thani,2018,19988.68237
58,Pathum Thani,2019,21454.82525
58,Pathum Thani,2020,23240.317
58,Pathum Thani,2021,22768.51909
57,Pattani,1995,893.006282
57,Pattani,1996,997.243863
57,Pattani,1997,883.629991
57,Pattani,1998,778.143182
57,Pattani,1999,631.730554
57,Pattani,2000,612.496624
57,Pattani,2001,720.349047
57,Pattani,2002,783.307076
57,Pattani,2003,862.391669
57,Pattani,2004,881.410199
57,Pattani,2005,979.303494
57,Pattani,2006,984.070322
57,Pattani,2007,1033.948704
57,Pattani,2008,1022.774327
57,Pattani,2009,1094.154082
57,Pattani,2010,1173.673529
57,Pattani,2011,1216.582058
57,Pattani,2012,1278.762898
57,Pattani,2013,1202.35765
57,Pattani,2014,1499.565724
57,Pattani,2015,1655.721378
57,Pattani,2016,1639.571608
57,Pattani,2017,1759.207808
57,Pattani,2018,1869.186359
57,Pattani,2019,1951.915917
57,Pattani,2020,2079.809916
57,Pattani,2021,2117.513316
42,Phachuap Khiri Khan,1995,1997.24334
42,Phachuap Khiri Khan,1996,2160.541591
42,Phachuap Khiri Khan,1997,1958.629143
42,Phachuap Khiri Khan,1998,1710.813047
42,Phachuap Khiri Khan,1999,1407.457148
42,Phachuap Khiri Khan,2000,1435.912175
42,Phachuap Khiri Khan,2001,1573.457481
42,Phachuap Khiri Khan,2002,1756.115144
42,Phachuap Khiri Khan,2003,1795.34012
42,Phachuap Khiri Khan,2004,1951.897349
42,Phachuap Khiri Khan,2005,2041.403607
42,Phachuap Khiri Khan,2006,2158.450685
42,Phachuap Khiri Khan,2007,2270.866203
42,Phachuap Khiri Khan,2008,2343.911954
42,Phachuap Khiri Khan,2009,2442.705859
42,Phachuap Khiri Khan,2010,2493.579874
42,Phachuap Khiri Khan,2011,2788.375433
42,Phachuap Khiri Khan,2012,3133.571653
42,Phachuap Khiri Khan,2013,3467.150346
42,Phachuap Khiri Khan,2014,3870.831762
42,Phachuap Khiri Khan,2015,4268.554943
42,Phachuap Khiri Khan,2016,4526.785107
42,Phachuap Khiri Khan,2017,4721.29194
42,Phachuap Khiri Khan,2018,4976.770217
42,Phachuap Khiri Khan,2019,5267.027652
42,Phachuap Khiri Khan,2020,4974.63675
42,Phachuap Khiri Khan,2021,4875.908602
56,Phangnga,1995,677.669779
56,Phangnga,1996,767.162317
56,Phangnga,1997,683.638161
56,Phangnga,1998,602.284032
56,Phangnga,1999,484.972465
56,Phangnga,2000,463.250698
56,Phangnga,2001,634.316033
56,Phangnga,2002,751.81062
56,Phangnga,2003,866.710216
56,Phangnga,2004,1192.662473
56,Phangnga,2005,956.434998
56,Phangnga,2006,1015.602009
56,Phangnga,2007,1148.651798
56,Phangnga,2008,1308.562585
56,Phangnga,2009,1409.01364
56,Phangnga,2010,1421.70354
56,Phangnga,2011,1540.001624
56,Phangnga,2012,1665.64809
56,Phangnga,2013,1970.680079
56,Phangnga,2014,2712.153664
56,Phangnga,2015,3177.912552
56,Phangnga,2016,3287.788608
56,Phangnga,2017,3613.23184
56,Phangnga,2018,3942.964566
56,Phangnga,2019,4029.891705
56,Phangnga,2020,2537.111864
56,Phangnga,2021,2373.255747
55,Phatthalung,1995,749.501439
55,Phatthalung,1996,821.815058
55,Phatthalung,1997,754.217766
55,Phatthalung,1998,671.427753
55,Phatthalung,1999,587.042919
55,Phatthalung,2000,560.365986
55,Phatthalung,2001,646.118319
55,Phatthalung,2002,700.938235
55,Phatthalung,2003,785.153961
55,Phatthalung,2004,864.329357
55,Phatthalung,2005,1059.205682
55,Phatthalung,2006,1111.76875
55,Phatthalung,2007,1154.169989
55,Phatthalung,2008,1275.945565
55,Phatthalung,2009,1266.201385
55,Phatthalung,2010,1543.972891
55,Phatthalung,2011,1688.752485
55,Phatthalung,2012,1913.948884
55,Phatthalung,2013,2046.828846
55,Phatthalung,2014,2213.706868
55,Phatthalung,2015,2584.430216
55,Phatthalung,2016,2725.409128
55,Phatthalung,2017,2865.259764
55,Phatthalung,2018,3109.296883
55,Phatthalung,2019,3104.66252
55,Phatthalung,2020,3126.301199
55,Phatthalung,2021,2962.058664
1,Phayao,1995,873.459985
1,Phayao,1996,908.058741
1,Phayao,1997,810.088713
1,Phayao,1998,734.160153
1,Phayao,1999,636.386225
1,Phayao,2000,645.859769
1,Phayao,2001,722.146065
1,Phayao,2002,810.129548
1,Phayao,2003,899.490217
1,Phayao,2004,1052.296157
1,Phayao,2005,1102.028132
1,Phayao,2006,1309.610283
1,Phayao,2007,1389.016984
1,Phayao,2008,1295.018733
1,Phayao,2009,1371.960003
1,Phayao,2010,1412.301516
1,Phayao,2011,1424.299174
1,Phayao,2012,1573.503781
1,Phayao,2013,1719.013212
1,Phayao,2014,1921.647709
1,Phayao,2015,2055.27374
1,Phayao,2016,2151.664384
1,Phayao,2017,2279.981805
1,Phayao,2018,2459.960038
1,Phayao,2019,2469.806344
1,Phayao,2020,2387.836688
1,Phayao,2021,2496.442134
10,Phetchabun,1995,1585.329096
10,Phetchabun,1996,1620.418969
10,Phetchabun,1997,1419.714213
10,Phetchabun,1998,1708.113916
10,Phetchabun,1999,2013.463509
10,Phetchabun,2000,1484.297011
10,Phetchabun,2001,1538.722262
10,Phetchabun,2002,1478.750592
10,Phetchabun,2003,1590.783911
10,Phetchabun,2004,1657.25639
10,Phetchabun,2005,1722.981887
10,Phetchabun,2006,1899.374922
10,Phetchabun,2007,1984.477974
10,Phetchabun,2008,2044.992059
10,Phetchabun,2009,2138.847353
10,Phetchabun,2010,2333.741791
10,Phetchabun,2011,2480.54444
10,Phetchabun,2012,2728.710317
10,Phetchabun,2013,2954.172627
10,Phetchabun,2014,3092.563336
10,Phetchabun,2015,3398.006513
10,Phetchabun,2016,3737.844463
10,Phetchabun,2017,3872.097601
10,Phetchabun,2018,4201.409483
10,Phetchabun,2019,4378.797849
10,Phetchabun,2020,4496.024951
10,Phetchabun,2021,4601.32073
8,Phetchaburi,1995,1988.074646
8,Phetchaburi,1996,2387.06742
8,Phetchaburi,1997,2224.901851
8,Phetchaburi,1998,1840.074547
8,Phetchaburi,1999,1455.044103
8,Phetchaburi,2000,1504.274157
8,Phetchaburi,2001,1574.919519
8,Phetchaburi,2002,1712.034165
8,Phetchaburi,2003,1755.731169
8,Phetchaburi,2004,1996.662269
8,Phetchaburi,2005,2045.251263
8,Phetchaburi,2006,2005.043839
8,Phetchaburi,2007,2297.036592
8,Phetchaburi,2008,2216.625648
8,Phetchaburi,2009,2177.892029
8,Phetchaburi,2010,2294.933323
8,Phetchaburi,2011,2378.995473
8,Phetchaburi,2012,2653.314752
8,Phetchaburi,2013,2815.80432
8,Phetchaburi,2014,3104.686875
8,Phetchaburi,2015,3460.950816
8,Phetchaburi,2016,3679.661309
8,Phetchaburi,2017,3853.712665
8,Phetchaburi,2018,4234.021891
8,Phetchaburi,2019,4514.060609
8,Phetchaburi,2020,4282.75402
8,Phetchaburi,2021,4116.2288
54,Phichit,1995,1188.048686
54,Phichit,1996,1335.357924
54,Phichit,1997,1198.209951
54,Phichit,1998,1153.128111
54,Phichit,1999,1002.135078
54,Phichit,2000,996.958719
54,Phichit,2001,1092.430177
54,Phichit,2002,1166.269644
54,Phichit,2003,1240.716551
54,Phichit,2004,1337.284035
54,Phichit,2005,1449.658657
54,Phichit,2006,1618.060784
54,Phichit,2007,1564.04338
54,Phichit,2008,1531.831283
54,Phichit,2009,1639.234224
54,Phichit,2010,1717.505742
54,Phichit,2011,1787.900215
54,Phichit,2012,2071.443006
54,Phichit,2013,2169.606001
54,Phichit,2014,2198.950461
54,Phichit,2015,2394.7508
54,Phichit,2016,2414.465013
54,Phichit,2017,2523.595045
54,Phichit,2018,2725.692483
54,Phichit,2019,2747.651433
54,Phichit,2020,2811.57796
54,Phichit,2021,2914.767893
21,Phitsanulok,1995,2173.885864
21,Phitsanulok,1996,2636.61507
21,Phitsanulok,1997,2555.917142
21,Phitsanulok,1998,2320.629592
21,Phitsanulok,1999,1916.708117
21,Phitsanulok,2000,2002.132924
21,Phitsanulok,2001,2194.388494
21,Phitsanulok,2002,2251.136961
21,Phitsanulok,2003,2566.589982
21,Phitsanulok,2004,2707.421984
21,Phitsanulok,2005,2724.332562
21,Phitsanulok,2006,2956.666638
21,Phitsanulok,2007,3132.323701
21,Phitsanulok,2008,3299.691532
21,Phitsanulok,2009,3683.463404
21,Phitsanulok,2010,3898.680546
21,Phitsanulok,2011,3989.434028
21,Phitsanulok,2012,4946.089976
21,Phitsanulok,2013,5184.987905
21,Phitsanulok,2014,5105.867693
21,Phitsanulok,2015,5362.179298
21,Phitsanulok,2016,5370.543953
21,Phitsanulok,2017,5477.069991
21,Phitsanulok,2018,5715.314141
21,Phitsanulok,2019,5848.539792
21,Phitsanulok,2020,5997.85522
21,Phitsanulok,2021,6013.822059
53,Phra Nakhon Sri Ayuthaya,1995,2216.186111
53,Phra Nakhon Sri Ayuthaya,1996,3871.395481
53,Phra Nakhon Sri Ayuthaya,1997,3447.751272
53,Phra Nakhon Sri Ayuthaya,1998,3040.587662
53,Phra Nakhon Sri Ayuthaya,1999,2657.862228
53,Phra Nakhon Sri Ayuthaya,2000,2775.423305
53,Phra Nakhon Sri Ayuthaya,2001,3080.271217
53,Phra Nakhon Sri Ayuthaya,2002,3503.275109
53,Phra Nakhon Sri Ayuthaya,2003,4049.877628
53,Phra Nakhon Sri Ayuthaya,2004,4596.358471
53,Phra Nakhon Sri Ayuthaya,2005,4992.664629
53,Phra Nakhon Sri Ayuthaya,2006,5490.365656
53,Phra Nakhon Sri Ayuthaya,2007,6043.162768
53,Phra Nakhon Sri Ayuthaya,2008,6427.486043
53,Phra Nakhon Sri Ayuthaya,2009,6147.221522
53,Phra Nakhon Sri Ayuthaya,2010,6395.948374
53,Phra Nakhon Sri Ayuthaya,2011,6147.623173
53,Phra Nakhon Sri Ayuthaya,2012,7290.191277
53,Phra Nakhon Sri Ayuthaya,2013,7671.685859
53,Phra Nakhon Sri Ayuthaya,2014,8164.835231
53,Phra Nakhon Sri Ayuthaya,2015,8411.297137
53,Phra Nakhon Sri Ayuthaya,2016,8833.358673
53,Phra Nakhon Sri Ayuthaya,2017,9333.141822
53,Phra Nakhon Sri Ayuthaya,2018,9975.130769
53,Phra Nakhon Sri Ayuthaya,2019,10253.23683
53,Phra Nakhon Sri Ayuthaya,2020,9725.178685
53,Phra Nakhon Sri Ayuthaya,2021,9788.227702
32,Phrae,1995,924.874225
32,Phrae,1996,1043.413462
32,Phrae,1997,972.342849
32,Phrae,1998,908.258163
32,Phrae,1999,822.695205
32,Phrae,2000,803.833727
32,Phrae,2001,896.764827
32,Phrae,2002,971.674646
32,Phrae,2003,1055.784456
32,Phrae,2004,1260.791091
32,Phrae,2005,1325.182069
32,Phrae,2006,1390.082465
32,Phrae,2007,1500.430605
32,Phrae,2008,1332.198671
32,Phrae,2009,1534.301594
32,Phrae,2010,1536.569458
32,Phrae,2011,1636.280655
32,Phrae,2012,1788.839533
32,Phrae,2013,1972.139114
32,Phrae,2014,2026.369319
32,Phrae,2015,2078.563797
32,Phrae,2016,2194.563479
32,Phrae,2017,2345.669887
32,Phrae,2018,2513.667345
32,Phrae,2019,2610.985795
32,Phrae,2020,2597.771372
32,Phrae,2021,2700.057862
44,Phuket,1995,5256.23776
44,Phuket,1996,5362.762988
44,Phuket,1997,4871.327838
44,Phuket,1998,3964.194577
44,Phuket,1999,3523.10837
44,Phuket,2000,3821.059267
44,Phuket,2001,4244.983631
44,Phuket,2002,4397.878264
44,Phuket,2003,5181.654822
44,Phuket,2004,5987.869436
44,Phuket,2005,4685.260398
44,Phuket,2006,6227.848064
44,Phuket,2007,7211.745187
44,Phuket,2008,6784.211622
44,Phuket,2009,6591.559099
44,Phuket,2010,7018.975032
44,Phuket,2011,8204.771834
44,Phuket,2012,10399.80491
44,Phuket,2013,12100.30614
44,Phuket,2014,12145.25639
44,Phuket,2015,13281.65439
44,Phuket,2016,13932.46552
44,Phuket,2017,15387.50061
44,Phuket,2018,17101.03142
44,Phuket,2019,18017.47355
44,Phuket,2020,11314.70658
44,Phuket,2021,10232.11665
52,Prachin Buri,1995,1114.956756
52,Prachin Buri,1996,1297.829753
52,Prachin Buri,1997,1297.687215
52,Prachin Buri,1998,1167.648366
52,Prachin Buri,1999,956.471387
52,Prachin Buri,2000,957.095709
52,Prachin Buri,2001,1087.32617
52,Prachin Buri,2002,1206.931617
52,Prachin Buri,2003,1278.357358
52,Prachin Buri,2004,1504.616325
52,Prachin Buri,2005,1704.55312
52,Prachin Buri,2006,1677.504718
52,Prachin Buri,2007,1580.902088
52,Prachin Buri,2008,1673.007643
52,Prachin Buri,2009,1788.599519
52,Prachin Buri,2010,2005.814694
52,Prachin Buri,2011,2058.857331
52,Prachin Buri,2012,2015.813403
52,Prachin Buri,2013,2145.079751
52,Prachin Buri,2014,2301.169348
52,Prachin Buri,2015,2820.674718
52,Prachin Buri,2016,2970.013002
52,Prachin Buri,2017,3181.87956
52,Prachin Buri,2018,3405.176289
52,Prachin Buri,2019,3683.017758
52,Prachin Buri,2020,3740.792511
52,Prachin Buri,2021,3868.945275
22,Ranong,1995,739.291195
22,Ranong,1996,814.471185
22,Ranong,1997,705.291096
22,Ranong,1998,618.940256
22,Ranong,1999,446.504113
22,Ranong,2000,573.922351
22,Ranong,2001,611.085827
22,Ranong,2002,557.655813
22,Ranong,2003,598.303676
22,Ranong,2004,731.393997
22,Ranong,2005,690.311767
22,Ranong,2006,689.829741
22,Ranong,2007,720.847898
22,Ranong,2008,732.428517
22,Ranong,2009,758.881725
22,Ranong,2010,804.546074
22,Ranong,2011,874.049291
22,Ranong,2012,892.787412
22,Ranong,2013,932.042901
22,Ranong,2014,1006.919159
22,Ranong,2015,1098.261445
22,Ranong,2016,1173.283859
22,Ranong,2017,1197.076406
22,Ranong,2018,1240.906675
22,Ranong,2019,1255.446761
22,Ranong,2020,1225.048363
22,Ranong,2021,1355.8651
30,Ratchaburi,1995,3127.880945
30,Ratchaburi,1996,3480.795274
30,Ratchaburi,1997,3058.288116
30,Ratchaburi,1998,2668.314605
30,Ratchaburi,1999,1954.908985
30,Ratchaburi,2000,1974.313903
30,Ratchaburi,2001,2293.46121
30,Ratchaburi,2002,2486.608862
30,Ratchaburi,2003,2672.700703
30,Ratchaburi,2004,2821.584604
30,Ratchaburi,2005,2888.093627
30,Ratchaburi,2006,3007.286775
30,Ratchaburi,2007,3074.465094
30,Ratchaburi,2008,3120.370081
30,Ratchaburi,2009,3235.527349
30,Ratchaburi,2010,3283.764363
30,Ratchaburi,2011,3472.032605
30,Ratchaburi,2012,3766.806817
30,Ratchaburi,2013,3879.968649
30,Ratchaburi,2014,4293.138358
30,Ratchaburi,2015,4721.050361
30,Ratchaburi,2016,5173.580802
30,Ratchaburi,2017,5302.56937
30,Ratchaburi,2018,5634.326247
30,Ratchaburi,2019,6059.689197
30,Ratchaburi,2020,6165.698117
30,Ratchaburi,2021,6222.792803
51,Rayong,1995,4250.417839
51,Rayong,1996,5097.499097
51,Rayong,1997,4625.730015
51,Rayong,1998,3895.864826
51,Rayong,1999,3141.466478
51,Rayong,2000,3754.247357
51,Rayong,2001,3864.923274
51,Rayong,2002,4210.952952
51,Rayong,2003,4785.174787
51,Rayong,2004,5183.182484
51,Rayong,2005,6151.235349
51,Rayong,2006,6137.520982
51,Rayong,2007,6225.59154
51,Rayong,2008,6478.803725
51,Rayong,2009,6514.436504
51,Rayong,2010,7168.900354
51,Rayong,2011,7160.889091
51,Rayong,2012,8096.775881
51,Rayong,2013,8595.914399
51,Rayong,2014,10086.91596
51,Rayong,2015,11136.10012
51,Rayong,2016,11617.09694
51,Rayong,2017,12509.32186
51,Rayong,2018,13739.01
51,Rayong,2019,14166.54604
51,Rayong,2020,14177.71296
51,Rayong,2021,15992.11554
0,Roi Et,1995,1569.28229
0,Roi Et,1996,1709.485935
0,Roi Et,1997,1652.083083
0,Roi Et,1998,1529.710236
0,Roi Et,1999,1373.758314
0,Roi Et,2000,1354.852633
0,Roi Et,2001,1509.076539
0,Roi Et,2002,1586.031216
0,Roi Et,2003,1765.96691
0,Roi Et,2004,1895.954202
0,Roi Et,2005,2158.077925
0,Roi Et,2006,2362.414433
0,Roi Et,2007,2509.689123
0,Roi Et,2008,2453.333916
0,Roi Et,2009,2404.31982
0,Roi Et,2010,3054.139847
0,Roi Et,2011,3177.973609
0,Roi Et,2012,3586.110495
0,Roi Et,2013,3862.589501
0,Roi Et,2014,4206.759194
0,Roi Et,2015,4833.855829
0,Roi Et,2016,5253.689179
0,Roi Et,2017,5590.161255
0,Roi Et,2018,6100.580081
0,Roi Et,2019,6122.99582
0,Roi Et,2020,6413.02101
0,Roi Et,2021,7008.498896
75,Sa Kaew,1995,607.693665
75,Sa Kaew,1996,693.634155
75,Sa Kaew,1997,584.03647
75,Sa Kaew,1998,584.567276
75,Sa Kaew,1999,506.603744
75,Sa Kaew,2000,536.014181
75,Sa Kaew,2001,599.583795
75,Sa Kaew,2002,700.366735
75,Sa Kaew,2003,789.469749
75,Sa Kaew,2004,789.287839
75,Sa Kaew,2005,867.311592
75,Sa Kaew,2006,1016.124678
75,Sa Kaew,2007,957.545214
75,Sa Kaew,2008,1023.276438
75,Sa Kaew,2009,1089.051604
75,Sa Kaew,2010,1283.560718
75,Sa Kaew,2011,1373.582542
75,Sa Kaew,2012,1403.343083
75,Sa Kaew,2013,1568.347153
75,Sa Kaew,2014,1712.346678
75,Sa Kaew,2015,1927.247947
75,Sa Kaew,2016,2039.791293
75,Sa Kaew,2017,2168.655122
75,Sa Kaew,2018,2317.486194
75,Sa Kaew,2019,2338.234113
75,Sa Kaew,2020,2469.294236
75,Sa Kaew,2021,2490.375257
24,Sakon Nakhon,1995,1212.009076
24,Sakon Nakhon,1996,1358.779274
24,Sakon Nakhon,1997,1296.53931
24,Sakon Nakhon,1998,1154.29854
24,Sakon Nakhon,1999,1001.139451
24,Sakon Nakhon,2000,1002.728777
24,Sakon Nakhon,2001,1142.226742
24,Sakon Nakhon,2002,1308.163927
24,Sakon Nakhon,2003,1396.805874
24,Sakon Nakhon,2004,1455.57383
24,Sakon Nakhon,2005,1641.442176
24,Sakon Nakhon,2006,1782.840239
24,Sakon Nakhon,2007,1956.215143
24,Sakon Nakhon,2008,1883.237345
24,Sakon Nakhon,2009,2132.280424
24,Sakon Nakhon,2010,2265.800222
24,Sakon Nakhon,2011,2406.736006
24,Sakon Nakhon,2012,2617.535901
24,Sakon Nakhon,2013,2786.881887
24,Sakon Nakhon,2014,3076.245052
24,Sakon Nakhon,2015,3475.733533
24,Sakon Nakhon,2016,3880.777325
24,Sakon Nakhon,2017,4179.578692
24,Sakon Nakhon,2018,4448.515269
24,Sakon Nakhon,2019,4514.387266
24,Sakon Nakhon,2020,4635.874505
24,Sakon Nakhon,2021,4798.447561
69,Samut Prakan,1995,11063.35858
69,Samut Prakan,1996,13848.70248
69,Samut Prakan,1997,14000.04673
69,Samut Prakan,1998,10798.35267
69,Samut Prakan,1999,9607.345241
69,Samut Prakan,2000,10474.02299
69,Samut Prakan,2001,11758.49278
69,Samut Prakan,2002,13199.12232
69,Samut Prakan,2003,14648.45496
69,Samut Prakan,2004,15447.49873
69,Samut Prakan,2005,15876.7544
69,Samut Prakan,2006,16924.62319
69,Samut Prakan,2007,24642.00938
69,Samut Prakan,2008,27804.97039
69,Samut Prakan,2009,25089.07965
69,Samut Prakan,2010,27810.07232
69,Samut Prakan,2011,27523.18881
69,Samut Prakan,2012,35374.86003
69,Samut Prakan,2013,35355.99996
69,Samut Prakan,2014,35313.44997
69,Samut Prakan,2015,37807.52814
69,Samut Prakan,2016,37769.21522
69,Samut Prakan,2017,40060.07741
69,Samut Prakan,2018,40575.06087
69,Samut Prakan,2019,43384.02121
69,Samut Prakan,2020,43191.95486
69,Samut Prakan,2021,44382.10558
68,Samut Sakhon,1995,3420.280643
68,Samut Sakhon,1996,3929.120684
68,Samut Sakhon,1997,3456.983616
68,Samut Sakhon,1998,3117.477344
68,Samut Sakhon,1999,2329.308617
68,Samut Sakhon,2000,2509.455585
68,Samut Sakhon,2001,2786.137303
68,Samut Sakhon,2002,3228.907987
68,Samut Sakhon,2003,3669.77124
68,Samut Sakhon,2004,4125.753666
68,Samut Sakhon,2005,4260.955483
68,Samut Sakhon,2006,4539.753072
68,Samut Sakhon,2007,4644.400882
68,Samut Sakhon,2008,4595.772269
68,Samut Sakhon,2009,4978.189485
68,Samut Sakhon,2010,5486.757104
68,Samut Sakhon,2011,6180.35065
68,Samut Sakhon,2012,7026.297181
68,Samut Sakhon,2013,7455.369258
68,Samut Sakhon,2014,8173.83612
68,Samut Sakhon,2015,8727.645299
68,Samut Sakhon,2016,9517.868484
68,Samut Sakhon,2017,9644.010541
68,Samut Sakhon,2018,9674.88412
68,Samut Sakhon,2019,10205.98013
68,Samut Sakhon,2020,10366.68192
68,Samut Sakhon,2021,10418.7881
50,Samut Songkhram,1995,905.781878
50,Samut Songkhram,1996,971.862707
50,Samut Songkhram,1997,905.676758
50,Samut Songkhram,1998,788.240268
50,Samut Songkhram,1999,583.721117
50,Samut Songkhram,2000,591.632765
50,Samut Songkhram,2001,663.469183
50,Samut Songkhram,2002,679.395992
50,Samut Songkhram,2003,693.785533
50,Samut Songkhram,2004,772.643478
50,Samut Songkhram,2005,917.78684
50,Samut Songkhram,2006,962.735453
50,Samut Songkhram,2007,879.675162
50,Samut Songkhram,2008,868.194659
50,Samut Songkhram,2009,900.233803
50,Samut Songkhram,2010,917.831192
50,Samut Songkhram,2011,963.892878
50,Samut Songkhram,2012,985.2722
50,Samut Songkhram,2013,1011.902823
50,Samut Songkhram,2014,1128.311035
50,Samut Songkhram,2015,1267.406667
50,Samut Songkhram,2016,1325.731566
50,Samut Songkhram,2017,1430.225292
50,Samut Songkhram,2018,1495.212487
50,Samut Songkhram,2019,1579.448243
50,Samut Songkhram,2020,1670.483275
50,Samut Songkhram,2021,1621.203032
17,Saraburi,1995,3151.871169
17,Saraburi,1996,3130.102867
17,Saraburi,1997,2890.427722
17,Saraburi,1998,2462.227553
17,Saraburi,1999,1899.199687
17,Saraburi,2000,1954.833854
17,Saraburi,2001,2155.874102
17,Saraburi,2002,2379.635929
17,Saraburi,2003,2603.99615
17,Saraburi,2004,2965.126219
17,Saraburi,2005,3248.907086
17,Saraburi,2006,3361.295177
17,Saraburi,2007,3361.355878
17,Saraburi,2008,3237.288399
17,Saraburi,2009,3284.815607
17,Saraburi,2010,3356.300806
17,Saraburi,2011,3545.249518
17,Saraburi,2012,4053.448058
17,Saraburi,2013,4556.578597
17,Saraburi,2014,4983.261335
17,Saraburi,2015,5384.804178
17,Saraburi,2016,5546.689054
17,Saraburi,2017,5692.803319
17,Saraburi,2018,6074.856214
17,Saraburi,2019,6562.467501
17,Saraburi,2020,6711.035536
17,Saraburi,2021,7048.296131
76,Satun,1995,452.177663
76,Satun,1996,475.130858
76,Satun,1997,439.864771
76,Satun,1998,387.220177
76,Satun,1999,308.700261
76,Satun,2000,315.891239
76,Satun,2001,394.173182
76,Satun,2002,445.689978
76,Satun,2003,517.51815
76,Satun,2004,549.919603
76,Satun,2005,703.420407
76,Satun,2006,736.595746
76,Satun,2007,1058.076542
76,Satun,2008,673.328038
76,Satun,2009,703.88742
76,Satun,2010,784.087061
76,Satun,2011,810.779126
76,Satun,2012,925.926779
76,Satun,2013,999.021329
76,Satun,2014,1139.270101
76,Satun,2015,1206.690992
76,Satun,2016,1274.416083
76,Satun,2017,1359.584795
76,Satun,2018,1481.557055
76,Satun,2019,1536.96091
76,Satun,2020,1472.559184
76,Satun,2021,1464.190442
12,Si Sa Ket,1995,1246.933914
12,Si Sa Ket,1996,1418.893664
12,Si Sa Ket,1997,1358.941404
12,Si Sa Ket,1998,1278.228822
12,Si Sa Ket,1999,1155.321463
12,Si Sa Ket,2000,1131.172414
12,Si Sa Ket,2001,1266.706569
12,Si Sa Ket,2002,1344.17524
12,Si Sa Ket,2003,1487.58729
12,Si Sa Ket,2004,1497.457698
12,Si Sa Ket,2005,1692.906729
12,Si Sa Ket,2006,1848.48867
12,Si Sa Ket,2007,1974.600828
12,Si Sa Ket,2008,1999.25792
12,Si Sa Ket,2009,2236.688487
12,Si Sa Ket,2010,2520.737699
12,Si Sa Ket,2011,2653.880513
12,Si Sa Ket,2012,3031.466806
12,Si Sa Ket,2013,3169.435722
12,Si Sa Ket,2014,3608.775549
12,Si Sa Ket,2015,4034.100445
12,Si Sa Ket,2016,4405.978885
12,Si Sa Ket,2017,4701.413778
12,Si Sa Ket,2018,5076.869425
12,Si Sa Ket,2019,5255.130453
12,Si Sa Ket,2020,5556.937414
12,Si Sa Ket,2021,5641.567588
49,Singburi,1995,1390.175937
49,Singburi,1996,908.117774
49,Singburi,1997,840.803
49,Singburi,1998,729.801402
49,Singburi,1999,541.019965
49,Singburi,2000,555.686569
49,Singburi,2001,563.910957
49,Singburi,2002,656.436205
49,Singburi,2003,692.585681
49,Singburi,2004,725.938358
49,Singburi,2005,832.915656
49,Singburi,2006,959.243002
49,Singburi,2007,913.605192
49,Singburi,2008,845.677106
49,Singburi,2009,900.442631
49,Singburi,2010,898.207826
49,Singburi,2011,927.550088
49,Singburi,2012,997.614719
49,Singburi,2013,1060.943857
49,Singburi,2014,1095.979482
49,Singburi,2015,1173.444223
49,Singburi,2016,1259.230515
49,Singburi,2017,1328.161917
49,Singburi,2018,1363.672601
49,Singburi,2019,1399.052091
49,Singburi,2020,1432.110703
49,Singburi,2021,1421.739768
43,Songkhla,1995,7159.139771
43,Songkhla,1996,7518.899556
43,Songkhla,1997,6699.315205
43,Songkhla,1998,5567.265338
43,Songkhla,1999,4270.006746
43,Songkhla,2000,4478.196072
43,Songkhla,2001,4966.225674
43,Songkhla,2002,5395.485478
43,Songkhla,2003,5920.169571
43,Songkhla,2004,6259.403207
43,Songkhla,2005,6491.013656
43,Songkhla,2006,7106.511789
43,Songkhla,2007,7310.16913
43,Songkhla,2008,7276.542177
43,Songkhla,2009,7730.638281
43,Songkhla,2010,8346.465796
43,Songkhla,2011,9378.176363
43,Songkhla,2012,9816.308985
43,Songkhla,2013,10779.27165
43,Songkhla,2014,11175.87541
43,Songkhla,2015,11397.35537
43,Songkhla,2016,11590.3824
43,Songkhla,2017,12280.61792
43,Songkhla,2018,12922.05654
43,Songkhla,2019,13391.41415
43,Songkhla,2020,13261.54405
43,Songkhla,2021,13258.21783
7,Sukhothai,1995,1092.771038
7,Sukhothai,1996,1249.372735
7,Sukhothai,1997,1132.389933
7,Sukhothai,1998,1056.400519
7,Sukhothai,1999,928.64217
7,Sukhothai,2000,994.37013
7,Sukhothai,2001,1091.037143
7,Sukhothai,2002,1187.848908
7,Sukhothai,2003,1261.87783
7,Sukhothai,2004,1326.27591
7,Sukhothai,2005,1375.177519
7,Sukhothai,2006,1469.055766
7,Sukhothai,2007,1390.959712
7,Sukhothai,2008,1576.956183
7,Sukhothai,2009,1600.423392
7,Sukhothai,2010,1719.564172
7,Sukhothai,2011,1809.723018
7,Sukhothai,2012,2049.565395
7,Sukhothai,2013,1944.723724
7,Sukhothai,2014,2015.789731
7,Sukhothai,2015,2541.025369
7,Sukhothai,2016,2625.442706
7,Sukhothai,2017,2781.036469
7,Sukhothai,2018,2950.582396
7,Sukhothai,2019,2956.391112
7,Sukhothai,2020,2950.496086
7,Sukhothai,2021,2936.441791
48,Suphan Buri,1995,2533.024525
48,Suphan Buri,1996,2864.706169
48,Suphan Buri,1997,2570.958018
48,Suphan Buri,1998,2282.812442
48,Suphan Buri,1999,1764.973605
48,Suphan Buri,2000,1741.757722
48,Suphan Buri,2001,1886.570144
48,Suphan Buri,2002,2073.798854
48,Suphan Buri,2003,2249.315997
48,Suphan Buri,2004,2385.497336
48,Suphan Buri,2005,2423.913677
48,Suphan Buri,2006,2699.827978
48,Suphan Buri,2007,2623.556821
48,Suphan Buri,2008,2793.66974
48,Suphan Buri,2009,3005.556459
48,Suphan Buri,2010,2964.488618
48,Suphan Buri,2011,3083.832005
48,Suphan Buri,2012,3412.094346
48,Suphan Buri,2013,3517.424641
48,Suphan Buri,2014,3737.228858
48,Suphan Buri,2015,4110.10549
48,Suphan Buri,2016,4212.867992
48,Suphan Buri,2017,4463.172596
48,Suphan Buri,2018,4728.701869
48,Suphan Buri,2019,4869.658182
48,Suphan Buri,2020,4956.043419
48,Suphan Buri,2021,4810.364396
11,Surat Thani,1995,3948.112946
11,Surat Thani,1996,4380.895462
11,Surat Thani,1997,4016.234996
11,Surat Thani,1998,3441.199378
11,Surat Thani,1999,2866.183948
11,Surat Thani,2000,2927.272338
11,Surat Thani,2001,3089.719645
11,Surat Thani,2002,3635.254996
11,Surat Thani,2003,4078.945331
11,Surat Thani,2004,4752.536596
11,Surat Thani,2005,5033.961436
11,Surat Thani,2006,6175.343244
11,Surat Thani,2007,6444.007396
11,Surat Thani,2008,6373.012075
11,Surat Thani,2009,6285.079774
11,Surat Thani,2010,6217.086462
11,Surat Thani,2011,6674.286703
11,Surat Thani,2012,7115.713923
11,Surat Thani,2013,7717.221446
11,Surat Thani,2014,8322.647593
11,Surat Thani,2015,8765.836719
11,Surat Thani,2016,8888.359785
11,Surat Thani,2017,9795.943123
11,Surat Thani,2018,10468.27909
11,Surat Thani,2019,11090.35059
11,Surat Thani,2020,9884.675943
11,Surat Thani,2021,9880.28272
5,Surin,1995,1456.649177
5,Surin,1996,1695.214019
5,Surin,1997,1524.005126
5,Surin,1998,1428.861741
5,Surin,1999,1308.342981
5,Surin,2000,1236.457079
5,Surin,2001,1331.445093
5,Surin,2002,1390.056608
5,Surin,2003,1544.666083
5,Surin,2004,1648.465379
5,Surin,2005,1941.422697
5,Surin,2006,2132.439211
5,Surin,2007,2260.635452
5,Surin,2008,2245.351814
5,Surin,2009,2182.558458
5,Surin,2010,2585.660275
5,Surin,2011,2867.916412
5,Surin,2012,3224.218015
5,Surin,2013,3914.692063
5,Surin,2014,4233.006697
5,Surin,2015,4789.987518
5,Surin,2016,5068.862895
5,Surin,2017,5299.670182
5,Surin,2018,5710.724773
5,Surin,2019,5818.332788
5,Surin,2020,6059.363305
5,Surin,2021,6194.00932
26,Tak,1995,923.365374
26,Tak,1996,1032.823265
26,Tak,1997,930.32469
26,Tak,1998,838.695352
26,Tak,1999,711.06253
26,Tak,2000,762.444495
26,Tak,2001,872.464205
26,Tak,2002,967.579607
26,Tak,2003,1071.443657
26,Tak,2004,1155.658775
26,Tak,2005,1197.68103
26,Tak,2006,1235.122418
26,Tak,2007,1316.205481
26,Tak,2008,1349.859824
26,Tak,2009,1426.29096
26,Tak,2010,1520.740786
26,Tak,2011,1608.326867
26,Tak,2012,1692.694125
26,Tak,2013,1809.231703
26,Tak,2014,2033.480743
26,Tak,2015,2215.946437
26,Tak,2016,2347.926352
26,Tak,2017,2431.510917
26,Tak,2018,2613.456272
26,Tak,2019,2789.593474
26,Tak,2020,2803.905327
26,Tak,2021,2683.207654
47,Trang,1995,1730.6965
47,Trang,1996,1938.139853
47,Trang,1997,1752.031618
47,Trang,1998,1464.522586
47,Trang,1999,1225.61225
47,Trang,2000,1189.222543
47,Trang,2001,1323.885238
47,Trang,2002,1553.182333
47,Trang,2003,1881.05885
47,Trang,2004,2079.501204
47,Trang,2005,2180.161701
47,Trang,2006,2185.314707
47,Trang,2007,2397.908264
47,Trang,2008,2434.654766
47,Trang,2009,2465.170291
47,Trang,2010,2270.595388
47,Trang,2011,2565.600072
47,Trang,2012,2875.893918
47,Trang,2013,3266.181832
47,Trang,2014,3444.450302
47,Trang,2015,3743.117418
47,Trang,2016,3755.056525
47,Trang,2017,3936.040388
47,Trang,2018,4262.503446
47,Trang,2019,4724.77023
47,Trang,2020,4355.114565
47,Trang,2021,4273.477876
29,Trat,1995,929.648766
29,Trat,1996,1040.523684
29,Trat,1997,905.161108
29,Trat,1998,810.243573
29,Trat,1999,610.186492
29,Trat,2000,625.059711
29,Trat,2001,689.873424
29,Trat,2002,790.801739
29,Trat,2003,935.083649
29,Trat,2004,1070.299285
29,Trat,2005,1208.84455
29,Trat,2006,1568.113195
29,Trat,2007,1139.796428
29,Trat,2008,1106.952583
29,Trat,2009,983.142911
29,Trat,2010,1071.476599
29,Trat,2011,1183.734212
29,Trat,2012,1147.751963
29,Trat,2013,1193.472721
29,Trat,2014,1312.910297
29,Trat,2015,1419.690892
29,Trat,2016,1486.472295
29,Trat,2017,1594.324344
29,Trat,2018,1705.198681
29,Trat,2019,1843.87022
29,Trat,2020,1681.983018
29,Trat,2021,1668.528537
41,Ubon Ratchathani,1995,2891.564015
41,Ubon Ratchathani,1996,3122.252035
41,Ubon Ratchathani,1997,2864.403689
41,Ubon Ratchathani,1998,2574.797277
41,Ubon Ratchathani,1999,2119.397098
41,Ubon Ratchathani,2000,2059.446671
41,Ubon Ratchathani,2001,2353.639602
41,Ubon Ratchathani,2002,2518.11207
41,Ubon Ratchathani,2003,2759.32086
41,Ubon Ratchathani,2004,2820.845093
41,Ubon Ratchathani,2005,3191.966823
41,Ubon Ratchathani,2006,3515.478631
41,Ubon Ratchathani,2007,3501.859822
41,Ubon Ratchathani,2008,3535.397876
41,Ubon Ratchathani,2009,4397.672689
41,Ubon Ratchathani,2010,4707.803208
41,Ubon Ratchathani,2011,4918.407508
41,Ubon Ratchathani,2012,5483.470952
41,Ubon Ratchathani,2013,6052.159401
41,Ubon Ratchathani,2014,6541.190776
41,Ubon Ratchathani,2015,6953.550986
41,Ubon Ratchathani,2016,7471.099404
41,Ubon Ratchathani,2017,7768.244676
41,Ubon Ratchathani,2018,8325.502271
41,Ubon Ratchathani,2019,8540.622184
41,Ubon Ratchathani,2020,8560.755324
41,Ubon Ratchathani,2021,8968.328604
23,Udon Thani,1995,3139.999004
23,Udon Thani,1996,3342.909477
23,Udon Thani,1997,3210.174662
23,Udon Thani,1998,2870.639922
23,Udon Thani,1999,2309.496693
23,Udon Thani,2000,2393.352741
23,Udon Thani,2001,2586.482083
23,Udon Thani,2002,2778.836205
23,Udon Thani,2003,2961.531586
23,Udon Thani,2004,3102.255631
23,Udon Thani,2005,3284.486605
23,Udon Thani,2006,3692.070301
23,Udon Thani,2007,4003.669071
23,Udon Thani,2008,4273.269231
23,Udon Thani,2009,4733.096794
23,Udon Thani,2010,5060.21011
23,Udon Thani,2011,5164.464698
23,Udon Thani,2012,5605.493004
23,Udon Thani,2013,6232.097329
23,Udon Thani,2014,6582.294696
23,Udon Thani,2015,6618.43644
23,Udon Thani,2016,7344.383787
23,Udon Thani,2017,7674.804056
23,Udon Thani,2018,8260.705342
23,Udon Thani,2019,8541.377915
23,Udon Thani,2020,8660.485959
23,Udon Thani,2021,8474.753396
18,Uthai Thani,1995,558.621198
18,Uthai Thani,1996,679.579158
18,Uthai Thani,1997,633.93333
18,Uthai Thani,1998,608.578327
18,Uthai Thani,1999,514.326068
18,Uthai Thani,2000,501.628848
18,Uthai Thani,2001,565.218548
18,Uthai Thani,2002,630.566076
18,Uthai Thani,2003,678.455948
18,Uthai Thani,2004,651.474526
18,Uthai Thani,2005,748.548552
18,Uthai Thani,2006,835.522485
18,Uthai Thani,2007,853.930008
18,Uthai Thani,2008,837.969065
18,Uthai Thani,2009,873.101123
18,Uthai Thani,2010,915.657951
18,Uthai Thani,2011,967.101121
18,Uthai Thani,2012,1110.21475
18,Uthai Thani,2013,1065.557385
18,Uthai Thani,2014,1255.652257
18,Uthai Thani,2015,1355.149032
18,Uthai Thani,2016,1394.753585
18,Uthai Thani,2017,1509.260462
18,Uthai Thani,2018,1645.938905
18,Uthai Thani,2019,1609.282147
18,Uthai Thani,2020,1635.612273
18,Uthai Thani,2021,1697.101013
34,Uttaradit,1995,826.312553
34,Uttaradit,1996,900.195013
34,Uttaradit,1997,835.854677
34,Uttaradit,1998,774.04382
34,Uttaradit,1999,676.028202
34,Uttaradit,2000,681.101865
34,Uttaradit,2001,784.132571
34,Uttaradit,2002,824.736785
34,Uttaradit,2003,947.60519
34,Uttaradit,2004,1021.407089
34,Uttaradit,2005,1113.146827
34,Uttaradit,2006,1302.092849
34,Uttaradit,2007,1288.284015
34,Uttaradit,2008,1299.32144
34,Uttaradit,2009,1389.490983
34,Uttaradit,2010,1454.944958
34,Uttaradit,2011,1531.006479
34,Uttaradit,2012,1715.987455
34,Uttaradit,2013,1859.394033
34,Uttaradit,2014,2036.460548
34,Uttaradit,2015,2290.9778
34,Uttaradit,2016,2411.863233
34,Uttaradit,2017,2536.499316
34,Uttaradit,2018,2687.304259
34,Uttaradit,2019,2786.304586
34,Uttaradit,2020,2929.935403
34,Uttaradit,2021,2888.332096
33,Yala,1995,1162.664852
33,Yala,1996,1235.534356
33,Yala,1997,1102.698988
33,Yala,1998,1003.110133
33,Yala,1999,860.880805
33,Yala,2000,816.061034
33,Yala,2001,971.83241
33,Yala,2002,1047.945907
33,Yala,2003,1095.939192
33,Yala,2004,1163.863411
33,Yala,2005,1311.198627
33,Yala,2006,1278.285142
33,Yala,2007,1323.793238
33,Yala,2008,1409.967438
33,Yala,2009,1458.969755
33,Yala,2010,1612.290318
33,Yala,2011,1651.090703
33,Yala,2012,1759.059207
33,Yala,2013,1810.83384
33,Yala,2014,2020.613849
33,Yala,2015,2264.648062
33,Yala,2016,2328.571099
33,Yala,2017,2577.151838
33,Yala,2018,2662.45138
33,Yala,2019,2818.524066
33,Yala,2020,2942.62655
33,Yala,2021,3020.267262
31,Yasothon,1995,697.191285
31,Yasothon,1996,723.527007
31,Yasothon,1997,679.268318
31,Yasothon,1998,601.955839
31,Yasothon,1999,496.708428
31,Yasothon,2000,521.3437
31,Yasothon,2001,603.477044
31,Yasothon,2002,644.259713
31,Yasothon,2003,715.152426
31,Yasothon,2004,876.624932
31,Yasothon,2005,887.292509
31,Yasothon,2006,966.886725
31,Yasothon,2007,1029.478608
31,Yasothon,2008,876.417738
31,Yasothon,2009,1115.787015
31,Yasothon,2010,1195.544099
31,Yasothon,2011,1233.509922
31,Yasothon,2012,1419.84997
31,Yasothon,2013,1476.232236
31,Yasothon,2014,1652.58663
31,Yasothon,2015,1838.637207
31,Yasothon,2016,1995.72169
31,Yasothon,2017,2081.596243
31,Yasothon,2018,2228.691219
31,Yasothon,2019,2284.920754
31,Yasothon,2020,2312.294361
31,Yasothon,2021,2528.729749
