id,shapeISO,region,province,year,total_sol,mean_sol,gpp(millions),gdp,"population(1,000 persons)",pop,gdppc
14,TH-10,BKK&VIC,Bangkok,2014,141994.3085,18.7773,3211833,3210000000000,8597,8597000,373599
14,TH-10,BKK&VIC,Bangkok,2015,149370.1282,19.7526,3356196,3360000000000,8675,8675000,386881
14,TH-10,BKK&VIC,Bangkok,2016,155677.251,20.5867,3503634,3500000000000,8753,8753000,400278
14,TH-10,BKK&VIC,Bangkok,2017,160395.5232,21.2106,3651844,3650000000000,8832,8832000,413479
14,TH-10,BKK&VIC,Bangkok,2018,167180.3424,22.1079,3838230,3840000000000,8912,8912000,430681
14,TH-10,BKK&VIC,Bangkok,2019,170700.0275,22.5733,3999343,4000000000000,8958,8958000,446455
14,TH-10,BKK&VIC,Bangkok,2020,170383.3315,22.5314,3749759,3750000000000,8999,8999000,416686
14,TH-10,BKK&VIC,Bangkok,2021,178175.7197,23.5619,3763549,3760000000000,9034,9034000,416598
27,TH-73,BKK&VIC,Nakhon Pathom,2014,35279.9546,3.5053,198720,199000000000,1056,1056000,188182
27,TH-73,BKK&VIC,Nakhon Pathom,2015,37759.3287,3.7516,210975,211000000000,1084,1084000,194626
27,TH-73,BKK&VIC,Nakhon Pathom,2016,39150.0018,3.8898,217834,218000000000,1110,1110000,196247
27,TH-73,BKK&VIC,Nakhon Pathom,2017,42484.6796,4.2211,224312,224000000000,1172,1172000,191392
27,TH-73,BKK&VIC,Nakhon Pathom,2018,43893.7517,4.3611,232815,233000000000,1186,1186000,196303
27,TH-73,BKK&VIC,Nakhon Pathom,2019,45530.9635,4.5238,235750,236000000000,1200,1200000,196458
27,TH-73,BKK&VIC,Nakhon Pathom,2020,45799.5281,4.5505,229706,230000000000,1214,1214000,189214
27,TH-73,BKK&VIC,Nakhon Pathom,2021,48714.8709,4.8402,237317,237000000000,1229,1229000,193098
38,TH-12,BKK&VIC,Nonthaburi,2014,31957.0523,10.3809,190508,191000000000,1526,1526000,124841
38,TH-12,BKK&VIC,Nonthaburi,2015,35063.5161,11.39,202227,202000000000,1574,1574000,128480
38,TH-12,BKK&VIC,Nonthaburi,2016,35991.1965,11.6914,210561,211000000000,1621,1621000,129896
38,TH-12,BKK&VIC,Nonthaburi,2017,37085.9128,12.047,227811,228000000000,1693,1693000,134561
38,TH-12,BKK&VIC,Nonthaburi,2018,38448.3951,12.4896,231039,231000000000,1722,1722000,134169
38,TH-12,BKK&VIC,Nonthaburi,2019,39776.843,12.9211,245207,245000000000,1752,1752000,139958
38,TH-12,BKK&VIC,Nonthaburi,2020,40549.5003,13.1721,244091,244000000000,1781,1781000,137053
38,TH-12,BKK&VIC,Nonthaburi,2021,42519.8942,13.8121,244519,245000000000,1810,1810000,135093
58,TH-13,BKK&VIC,Pathum Thani,2014,47738.1162,6.5437,244092,244000000000,1514,1514000,161223
58,TH-13,BKK&VIC,Pathum Thani,2015,50469.4643,6.9181,252514,253000000000,1565,1565000,161351
58,TH-13,BKK&VIC,Pathum Thani,2016,51028.7902,6.9948,254140,254000000000,1618,1618000,157070
58,TH-13,BKK&VIC,Pathum Thani,2017,54732.0995,7.5024,280179,280000000000,1672,1672000,167571
58,TH-13,BKK&VIC,Pathum Thani,2018,57479.7786,7.8791,291468,291000000000,1729,1729000,168576
58,TH-13,BKK&VIC,Pathum Thani,2019,61182.7105,8.3866,312627,313000000000,1758,1758000,177831
58,TH-13,BKK&VIC,Pathum Thani,2020,60924.0057,8.3512,297689,298000000000,1786,1786000,166679
58,TH-13,BKK&VIC,Pathum Thani,2021,65183.5901,8.9351,295322,295000000000,1814,1814000,162802
69,TH-11,BKK&VIC,Samut Prakan,2014,58651.1714,13.032,537007,537000000000,1990,1990000,269853
69,TH-11,BKK&VIC,Samut Prakan,2015,60939.4144,13.5405,548898,549000000000,2031,2031000,270260
69,TH-11,BKK&VIC,Samut Prakan,2016,61629.6987,13.6939,551400,551000000000,2075,2075000,265735
69,TH-11,BKK&VIC,Samut Prakan,2017,64661.9291,14.3676,571399,571000000000,2132,2132000,268011
69,TH-11,BKK&VIC,Samut Prakan,2018,66894.8024,14.8637,616458,616000000000,2171,2171000,283951
69,TH-11,BKK&VIC,Samut Prakan,2019,71363.5331,15.8567,603916,604000000000,2211,2211000,273142
69,TH-11,BKK&VIC,Samut Prakan,2020,74393.1116,16.5298,502770,503000000000,2250,2250000,223453
69,TH-11,BKK&VIC,Samut Prakan,2021,78607.9614,17.4664,504885,505000000000,2289,2289000,220570
68,TH-74,BKK&VIC,Samut Sakhon,2014,21288.0003,5.2876,260854,261000000000,954,954000,273432
68,TH-74,BKK&VIC,Samut Sakhon,2015,23773.9861,5.9051,258426,258000000000,971,971000,266144
68,TH-74,BKK&VIC,Samut Sakhon,2016,24318.6565,6.0404,263544,264000000000,984,984000,267829
68,TH-74,BKK&VIC,Samut Sakhon,2017,25973.6207,6.4515,277018,277000000000,1031,1031000,268689
68,TH-74,BKK&VIC,Samut Sakhon,2018,26777.1731,6.6511,287145,287000000000,1042,1042000,275571
68,TH-74,BKK&VIC,Samut Sakhon,2019,28300.2878,7.0294,296260,296000000000,1054,1054000,281082
68,TH-74,BKK&VIC,Samut Sakhon,2020,29335.8745,7.2866,295924,296000000000,1065,1065000,277863
68,TH-74,BKK&VIC,Samut Sakhon,2021,31745.3651,7.8851,299129,299000000000,1076,1076000,278001
45,TH-15,CE,Ang Thong,2014,6799.9918,1.4432,16125,16125000000,254,254000,63484
45,TH-15,CE,Ang Thong,2015,7723.5612,1.6392,15919,15919000000,254,254000,62673
45,TH-15,CE,Ang Thong,2016,8447.5391,1.7929,16569,16569000000,253,253000,65490
45,TH-15,CE,Ang Thong,2017,9882.2298,2.0973,18036,18036000000,251,251000,71857
45,TH-15,CE,Ang Thong,2018,10330.4056,2.1925,19022,19022000000,250,250000,76088
45,TH-15,CE,Ang Thong,2019,11012.7821,2.3373,19009,19009000000,249,249000,76341
45,TH-15,CE,Ang Thong,2020,11970.4763,2.5405,18181,18181000000,247,247000,73607
45,TH-15,CE,Ang Thong,2021,13974.1252,2.9658,17768,17768000000,246,246000,72228
66,TH-18,CE,Chai Nat,2014,6179.4212,0.513,18494,18494000000,302,302000,61238
66,TH-18,CE,Chai Nat,2015,7393.9601,0.6139,16731,16731000000,301,301000,55585
66,TH-18,CE,Chai Nat,2016,7996.566,0.6639,16754,16754000000,298,298000,56221
66,TH-18,CE,Chai Nat,2017,10094.5407,0.8381,18923,18923000000,296,296000,63929
66,TH-18,CE,Chai Nat,2018,10866.808,0.9022,20402,20402000000,294,294000,69395
66,TH-18,CE,Chai Nat,2019,11790.4079,0.9789,20807,20807000000,293,293000,71014
66,TH-18,CE,Chai Nat,2020,12430.2284,1.032,19738,19738000000,291,291000,67828
66,TH-18,CE,Chai Nat,2021,15401.4309,1.2787,20915,20915000000,289,289000,72370
62,TH-16,CE,Lop Buri,2014,13012.8951,0.448,60247,60247000000,777,777000,77538
62,TH-16,CE,Lop Buri,2015,14490.2306,0.4988,58638,58638000000,779,779000,75273
62,TH-16,CE,Lop Buri,2016,15649.5614,0.5388,60131,60131000000,779,779000,77190
62,TH-16,CE,Lop Buri,2017,19556.5172,0.6733,64215,64215000000,778,778000,82539
62,TH-16,CE,Lop Buri,2018,18641.3136,0.6418,64515,64515000000,777,777000,83031
62,TH-16,CE,Lop Buri,2019,19327.1622,0.6654,65121,65121000000,776,776000,83919
62,TH-16,CE,Lop Buri,2020,20518.5209,0.7064,61104,61104000000,775,775000,78844
62,TH-16,CE,Lop Buri,2021,22962.0556,0.7905,62435,62435000000,774,774000,80665
53,TH-14,CE,Phra Nakhon Sri Ayuthaya,2014,40786.4146,3.4134,285784,286000000000,888,888000,321829
53,TH-14,CE,Phra Nakhon Sri Ayuthaya,2015,43689.2319,3.6564,320034,320000000000,893,893000,358381
53,TH-14,CE,Phra Nakhon Sri Ayuthaya,2016,44265.5519,3.7046,309266,309000000000,898,898000,344394
53,TH-14,CE,Phra Nakhon Sri Ayuthaya,2017,46655.8319,3.9046,310515,311000000000,902,902000,344252
53,TH-14,CE,Phra Nakhon Sri Ayuthaya,2018,46710.3171,3.9092,315678,316000000000,907,907000,348046
53,TH-14,CE,Phra Nakhon Sri Ayuthaya,2019,49141.6361,4.1127,305805,306000000000,910,910000,336049
53,TH-14,CE,Phra Nakhon Sri Ayuthaya,2020,50004.8822,4.1849,298448,298000000000,912,912000,327246
53,TH-14,CE,Phra Nakhon Sri Ayuthaya,2021,54368.1224,4.5501,321586,322000000000,915,915000,351460
17,TH-19,CE,Saraburi,2014,33759.6172,2.0045,149657,150000000000,740,740000,202239
17,TH-19,CE,Saraburi,2015,35576.5169,2.1124,151436,151000000000,745,745000,203270
17,TH-19,CE,Saraburi,2016,36819.3744,2.1862,156814,157000000000,750,750000,209085
17,TH-19,CE,Saraburi,2017,39500.1679,2.3454,155160,155000000000,755,755000,205510
17,TH-19,CE,Saraburi,2018,38076.4826,2.2608,159958,160000000000,758,758000,211026
17,TH-19,CE,Saraburi,2019,42186.1318,2.5048,159799,160000000000,760,760000,210262
17,TH-19,CE,Saraburi,2020,43869.9515,2.6048,151412,151000000000,762,762000,198703
17,TH-19,CE,Saraburi,2021,46723.6505,2.7743,153891,154000000000,763,763000,201692
49,TH-17,CE,Singburi,2014,5690.6629,1.3925,16391,16391000000,197,197000,83203
49,TH-17,CE,Singburi,2015,6606.7657,1.6166,15506,15506000000,196,196000,79112
49,TH-17,CE,Singburi,2016,7252.0986,1.7745,15547,15547000000,194,194000,80139
49,TH-17,CE,Singburi,2017,8250.7287,2.0189,16219,16219000000,192,192000,84474
49,TH-17,CE,Singburi,2018,8716.113,2.1328,16854,16854000000,190,190000,88705
49,TH-17,CE,Singburi,2019,9002.7411,2.2029,16717,16717000000,189,189000,88450
49,TH-17,CE,Singburi,2020,9305.8011,2.277,15455,15455000000,187,187000,82647
49,TH-17,CE,Singburi,2021,10520.0082,2.5742,15615,15615000000,186,186000,83952
4,TH-24,EA,Chachoengsao,2014,28064.4256,1.0606,247978,248000000000,768,768000,322888
4,TH-24,EA,Chachoengsao,2015,30468.6073,1.1515,241205,241000000000,781,781000,308841
4,TH-24,EA,Chachoengsao,2016,32194.3158,1.2167,254902,255000000000,792,792000,321846
4,TH-24,EA,Chachoengsao,2017,36108.0582,1.3646,251683,252000000000,806,806000,312262
4,TH-24,EA,Chachoengsao,2018,36129.323,1.3654,282186,282000000000,823,823000,342875
4,TH-24,EA,Chachoengsao,2019,37661.5717,1.4233,278107,278000000000,840,840000,331080
4,TH-24,EA,Chachoengsao,2020,40027.8005,1.5127,244573,245000000000,858,858000,285050
4,TH-24,EA,Chachoengsao,2021,46394.9298,1.7534,283475,283000000000,875,875000,323971
71,TH-22,EA,Chanthaburi,2014,9933.6373,0.3432,54023,54023000000,518,518000,104292
71,TH-22,EA,Chanthaburi,2015,11223.2001,0.3877,53348,53348000000,526,526000,101422
71,TH-22,EA,Chanthaburi,2016,11963.7774,0.4133,50992,50992000000,535,535000,95312
71,TH-22,EA,Chanthaburi,2017,14040.6407,0.4851,59777,59777000000,544,544000,109884
71,TH-22,EA,Chanthaburi,2018,15411.7439,0.5324,52768,52768000000,553,553000,95421
71,TH-22,EA,Chanthaburi,2019,16644.2151,0.575,55829,55829000000,557,557000,100232
71,TH-22,EA,Chanthaburi,2020,17607.046,0.6083,58915,58915000000,561,561000,105018
71,TH-22,EA,Chanthaburi,2021,18737.6217,0.6473,58347,58347000000,566,566000,103087
64,TH-20,EA,Chon Buri,2014,92436.6275,4.3936,509968,510000000000,1675,1675000,304459
64,TH-20,EA,Chon Buri,2015,96072.646,4.5664,532759,533000000000,1706,1706000,312285
64,TH-20,EA,Chon Buri,2016,102715.415,4.8821,565535,566000000000,1735,1735000,325957
64,TH-20,EA,Chon Buri,2017,111268.0068,5.2887,578224,578000000000,1782,1782000,324480
64,TH-20,EA,Chon Buri,2018,114312.4053,5.4334,590360,590000000000,1819,1819000,324552
64,TH-20,EA,Chon Buri,2019,120140.0043,5.7104,602900,603000000000,1855,1855000,325013
64,TH-20,EA,Chon Buri,2020,125814.0237,5.98,561980,562000000000,1891,1891000,297187
64,TH-20,EA,Chon Buri,2021,139789.0696,6.6443,600858,601000000000,1926,1926000,311972
60,TH-26,EA,Nakhon Nayok,2014,5955.1096,0.5655,14893,14893000000,254,254000,58634
60,TH-26,EA,Nakhon Nayok,2015,7066.7579,0.671,15328,15328000000,256,256000,59875
60,TH-26,EA,Nakhon Nayok,2016,7585.0817,0.7202,15732,15732000000,256,256000,61453
60,TH-26,EA,Nakhon Nayok,2017,9685.3677,0.9197,16219,16219000000,258,258000,62864
60,TH-26,EA,Nakhon Nayok,2018,10011.4693,0.9506,18072,18072000000,259,259000,69776
60,TH-26,EA,Nakhon Nayok,2019,10760.1182,1.0217,18302,18302000000,260,260000,70392
60,TH-26,EA,Nakhon Nayok,2020,11958.234,1.1355,18587,18587000000,261,261000,71215
60,TH-26,EA,Nakhon Nayok,2021,13246.7225,1.2578,18009,18009000000,262,262000,68737
52,TH-25,EA,Prachin Buri,2014,17345.6451,0.6462,184119,184000000000,582,582000,316356
52,TH-25,EA,Prachin Buri,2015,19792.6401,0.7373,177569,178000000000,590,590000,300964
52,TH-25,EA,Prachin Buri,2016,21968.0893,0.8184,205188,205000000000,599,599000,342551
52,TH-25,EA,Prachin Buri,2017,25014.9533,0.9319,251950,252000000000,612,612000,411683
52,TH-25,EA,Prachin Buri,2018,25333.6573,0.9438,273399,273000000000,621,621000,440256
52,TH-25,EA,Prachin Buri,2019,26880.7248,1.0014,300183,300000000000,630,630000,476481
52,TH-25,EA,Prachin Buri,2020,28415.4862,1.0586,278204,278000000000,638,638000,436056
52,TH-25,EA,Prachin Buri,2021,31037.6749,1.1563,271868,272000000000,647,647000,420198
51,TH-21,EA,Rayong,2014,73667.0924,4.2077,461274,461000000000,886,886000,520625
51,TH-21,EA,Rayong,2015,75613.2129,4.3189,477569,478000000000,902,902000,529456
51,TH-21,EA,Rayong,2016,79370.2346,4.5335,493228,493000000000,921,921000,535535
51,TH-21,EA,Rayong,2017,86016.2606,4.9131,521844,522000000000,954,954000,547006
51,TH-21,EA,Rayong,2018,86803.9763,4.9581,521125,521000000000,980,980000,531760
51,TH-21,EA,Rayong,2019,92450.9054,5.2806,519005,519000000000,1005,1005000,516423
51,TH-21,EA,Rayong,2020,96949.4198,5.5376,489914,490000000000,1031,1031000,475183
51,TH-21,EA,Rayong,2021,122498.3232,6.9969,496956,497000000000,1056,1056000,470602
75,TH-27,EA,Sa Kaew,2014,6474.5928,0.2127,22954,22954000000,590,590000,38905
75,TH-27,EA,Sa Kaew,2015,8018.1926,0.2634,24148,24148000000,599,599000,40314
75,TH-27,EA,Sa Kaew,2016,9423.7893,0.3096,24908,24908000000,608,608000,40967
75,TH-27,EA,Sa Kaew,2017,10919.4922,0.3588,26512,26512000000,621,621000,42692
75,TH-27,EA,Sa Kaew,2018,12461.2806,0.4094,29571,29571000000,630,630000,46938
75,TH-27,EA,Sa Kaew,2019,14022.4059,0.4607,29547,29547000000,639,639000,46239
75,TH-27,EA,Sa Kaew,2020,14275.0987,0.469,28225,28225000000,647,647000,43624
75,TH-27,EA,Sa Kaew,2021,17136.6922,0.563,29008,29008000000,656,656000,44220
29,TH-23,EA,Trat,2014,2816.3247,0.2143,24820,24820000000,257,257000,96576
29,TH-23,EA,Trat,2015,3242.7646,0.2468,24316,24316000000,259,259000,93884
29,TH-23,EA,Trat,2016,3304.8553,0.2515,22610,22610000000,262,262000,86298
29,TH-23,EA,Trat,2017,4246.0418,0.3232,26272,26272000000,264,264000,99515
29,TH-23,EA,Trat,2018,4631.26,0.3525,24264,24264000000,267,267000,90876
29,TH-23,EA,Trat,2019,5230.4929,0.3981,25349,25349000000,270,270000,93885
29,TH-23,EA,Trat,2020,5728.1564,0.436,26437,26437000000,272,272000,97195
29,TH-23,EA,Trat,2021,6110.4792,0.465,24986,24986000000,275,275000,90858
67,TH-37,NE,Amnat Chareon,2014,3171.6055,0.2002,9061,9061000000,283,283000,32018
67,TH-37,NE,Amnat Chareon,2015,3788.2183,0.2392,9449,9449000000,283,283000,33389
67,TH-37,NE,Amnat Chareon,2016,3763.4772,0.2376,9821,9821000000,283,283000,34703
67,TH-37,NE,Amnat Chareon,2017,5706.2851,0.3603,10263,10263000000,283,283000,36265
67,TH-37,NE,Amnat Chareon,2018,6163.2699,0.3891,10951,10951000000,282,282000,38833
67,TH-37,NE,Amnat Chareon,2019,6460.4953,0.4079,11329,11329000000,282,282000,40174
67,TH-37,NE,Amnat Chareon,2020,7846.7886,0.4954,11493,11493000000,282,282000,40755
67,TH-37,NE,Amnat Chareon,2021,8979.0121,0.5669,12196,12196000000,282,282000,43248
39,TH-38,NE,Bueng Kan,2014,3078.0303,0.1553,26469,26469000000,363,363000,72917
39,TH-38,NE,Bueng Kan,2015,3755.7651,0.1895,29800,29800000000,363,363000,82094
39,TH-38,NE,Bueng Kan,2016,4004.5343,0.202,31073,31073000000,362,362000,85837
39,TH-38,NE,Bueng Kan,2017,6291.9572,0.3174,33716,33716000000,361,361000,93396
39,TH-38,NE,Bueng Kan,2018,6622.8024,0.3341,33344,33344000000,360,360000,92622
39,TH-38,NE,Bueng Kan,2019,6631.1206,0.3345,34626,34626000000,360,360000,96183
39,TH-38,NE,Bueng Kan,2020,7600.4834,0.3834,33949,33949000000,359,359000,94565
39,TH-38,NE,Bueng Kan,2021,8948.0386,0.4514,36007,36007000000,358,358000,100578
35,TH-31,NE,Buri Ram,2014,10621.8585,0.2203,47208,47208000000,1251,1251000,37736
35,TH-31,NE,Buri Ram,2015,12463.8236,0.2585,49888,49888000000,1245,1245000,40071
35,TH-31,NE,Buri Ram,2016,14063.6711,0.2917,50587,50587000000,1239,1239000,40829
35,TH-31,NE,Buri Ram,2017,18397.3107,0.3815,51562,51562000000,1233,1233000,41818
35,TH-31,NE,Buri Ram,2018,20383.6909,0.4227,52118,52118000000,1228,1228000,42441
35,TH-31,NE,Buri Ram,2019,21548.3708,0.4469,52602,52602000000,1219,1219000,43152
35,TH-31,NE,Buri Ram,2020,24861.0822,0.5156,54066,54066000000,1210,1210000,44683
35,TH-31,NE,Buri Ram,2021,30050.6649,0.6232,56151,56151000000,1201,1201000,46754
9,TH-36,NE,Chaiyaphum,2014,12570.8081,0.1966,34526,34526000000,958,958000,36040
9,TH-36,NE,Chaiyaphum,2015,14195.3685,0.222,35455,35455000000,956,956000,37087
9,TH-36,NE,Chaiyaphum,2016,15137.9476,0.2367,37594,37594000000,951,951000,39531
9,TH-36,NE,Chaiyaphum,2017,18717.0761,0.2926,38257,38257000000,947,947000,40398
9,TH-36,NE,Chaiyaphum,2018,19846.301,0.3103,40427,40427000000,942,942000,42916
9,TH-36,NE,Chaiyaphum,2019,20073.5975,0.3139,38915,38915000000,936,936000,41576
9,TH-36,NE,Chaiyaphum,2020,21994.1659,0.3439,38898,38898000000,931,931000,41781
9,TH-36,NE,Chaiyaphum,2021,24218.6439,0.3787,39794,39794000000,926,926000,42974
20,TH-46,NE,Kalasin,2014,10457.7474,0.3127,31043,31043000000,815,815000,38090
20,TH-46,NE,Kalasin,2015,12101.957,0.3619,31805,31805000000,813,813000,39121
20,TH-46,NE,Kalasin,2016,12345.6908,0.3692,32695,32695000000,809,809000,40414
20,TH-46,NE,Kalasin,2017,17605.3882,0.5264,33251,33251000000,805,805000,41306
20,TH-46,NE,Kalasin,2018,17818.7959,0.5328,37024,37024000000,801,801000,46222
20,TH-46,NE,Kalasin,2019,17300.8708,0.5173,36104,36104000000,797,797000,45300
20,TH-46,NE,Kalasin,2020,20551.1639,0.6145,34565,34565000000,792,792000,43643
20,TH-46,NE,Kalasin,2021,23417.1591,0.7002,35750,35750000000,788,788000,45368
15,TH-40,NE,Khon Kaen,2014,28259.7161,0.5401,124937,125000000000,1729,1729000,72260
15,TH-40,NE,Khon Kaen,2015,30769.1202,0.5881,126588,127000000000,1726,1726000,73342
15,TH-40,NE,Khon Kaen,2016,31416.7032,0.6005,126769,127000000000,1723,1723000,73575
15,TH-40,NE,Khon Kaen,2017,37311.725,0.7131,132027,132000000000,1721,1721000,76715
15,TH-40,NE,Khon Kaen,2018,40423.7314,0.7726,136849,137000000000,1718,1718000,79656
15,TH-40,NE,Khon Kaen,2019,42094.613,0.8046,135169,135000000000,1716,1716000,78770
15,TH-40,NE,Khon Kaen,2020,45319.8055,0.8662,130935,131000000000,1714,1714000,76391
15,TH-40,NE,Khon Kaen,2021,51323.8149,0.981,132615,133000000000,1711,1711000,77507
16,TH-42,NE,Loei,2014,7033.3301,0.1375,25944,25944000000,544,544000,47691
16,TH-42,NE,Loei,2015,7597.8558,0.1486,26696,26696000000,544,544000,49074
16,TH-42,NE,Loei,2016,7356.7751,0.1439,28228,28228000000,544,544000,51890
16,TH-42,NE,Loei,2017,10049.6728,0.1965,30627,30627000000,544,544000,56300
16,TH-42,NE,Loei,2018,11036.3966,0.2158,33994,33994000000,543,543000,62604
16,TH-42,NE,Loei,2019,11678.89,0.2284,33241,33241000000,542,542000,61330
16,TH-42,NE,Loei,2020,12764.2207,0.2496,31437,31437000000,540,540000,58217
16,TH-42,NE,Loei,2021,15020.724,0.2937,32686,32686000000,538,538000,60755
46,TH-44,NE,Maha Sarakham,2014,10180.4029,0.3648,29537,29537000000,812,812000,36376
46,TH-44,NE,Maha Sarakham,2015,11834.4779,0.4241,30419,30419000000,809,809000,37601
46,TH-44,NE,Maha Sarakham,2016,12239.1378,0.4386,32111,32111000000,802,802000,40039
46,TH-44,NE,Maha Sarakham,2017,16481.1197,0.5906,33512,33512000000,797,797000,42048
46,TH-44,NE,Maha Sarakham,2018,18137.0913,0.65,34391,34391000000,792,792000,43423
46,TH-44,NE,Maha Sarakham,2019,19436.0673,0.6965,33797,33797000000,786,786000,42999
46,TH-44,NE,Maha Sarakham,2020,20994.7226,0.7524,35199,35199000000,780,780000,45127
46,TH-44,NE,Maha Sarakham,2021,23395.3574,0.8384,36935,36935000000,775,775000,47658
61,TH-49,NE,Mukdahan,2014,3481.9052,0.175,14134,14134000000,379,379000,37293
61,TH-49,NE,Mukdahan,2015,3969.979,0.1995,14615,14615000000,385,385000,37961
61,TH-49,NE,Mukdahan,2016,4017.1119,0.2019,15044,15044000000,391,391000,38476
61,TH-49,NE,Mukdahan,2017,5562.2389,0.2795,16236,16236000000,398,398000,40794
61,TH-49,NE,Mukdahan,2018,6467.6508,0.325,16530,16530000000,404,404000,40916
61,TH-49,NE,Mukdahan,2019,6806.3489,0.342,17319,17319000000,410,410000,42241
61,TH-49,NE,Mukdahan,2020,8281.106,0.4161,16223,16223000000,416,416000,38998
61,TH-49,NE,Mukdahan,2021,9288.0885,0.4667,17534,17534000000,422,422000,41550
72,TH-48,NE,Nakhon Phanom,2014,7749.8489,0.2841,22149,22149000000,575,575000,38520
72,TH-48,NE,Nakhon Phanom,2015,9131.8783,0.3347,22863,22863000000,573,573000,39901
72,TH-48,NE,Nakhon Phanom,2016,8750.8324,0.3208,24192,24192000000,568,568000,42592
72,TH-48,NE,Nakhon Phanom,2017,12325.6725,0.4518,24355,24355000000,565,565000,43106
72,TH-48,NE,Nakhon Phanom,2018,12600.4558,0.4619,23762,23762000000,561,561000,42357
72,TH-48,NE,Nakhon Phanom,2019,11705.4198,0.4291,24269,24269000000,557,557000,43571
72,TH-48,NE,Nakhon Phanom,2020,14735.6169,0.5401,25052,25052000000,552,552000,45384
72,TH-48,NE,Nakhon Phanom,2021,18902.9917,0.6929,26042,26042000000,548,548000,47522
6,TH-30,NE,Nakhon Ratchasima,2014,41439.6692,0.413,160847,161000000000,2520,2520000,63828
6,TH-30,NE,Nakhon Ratchasima,2015,46645.3418,0.4649,163289,163000000000,2518,2518000,64849
6,TH-30,NE,Nakhon Ratchasima,2016,49556.7266,0.4939,168843,169000000000,2517,2517000,67081
6,TH-30,NE,Nakhon Ratchasima,2017,60448.025,0.6025,177028,177000000000,2516,2516000,70361
6,TH-30,NE,Nakhon Ratchasima,2018,63311.3424,0.631,187488,187000000000,2515,2515000,74548
6,TH-30,NE,Nakhon Ratchasima,2019,68205.2258,0.6798,185904,186000000000,2511,2511000,74036
6,TH-30,NE,Nakhon Ratchasima,2020,74024.8543,0.7378,183955,184000000000,2507,2507000,73377
6,TH-30,NE,Nakhon Ratchasima,2021,84525.4644,0.8424,194006,194000000000,2502,2502000,77540
13,TH-43,NE,Nong Khai,2014,5762.5261,0.3541,21535,21535000000,457,457000,47123
13,TH-43,NE,Nong Khai,2015,7017.2586,0.4312,22480,22480000000,457,457000,49190
13,TH-43,NE,Nong Khai,2016,7715.8822,0.4741,23228,23228000000,457,457000,50827
13,TH-43,NE,Nong Khai,2017,10693.765,0.6571,23734,23734000000,457,457000,51934
13,TH-43,NE,Nong Khai,2018,11813.0113,0.7258,23528,23528000000,456,456000,51596
13,TH-43,NE,Nong Khai,2019,11466.0347,0.7045,23910,23910000000,456,456000,52434
13,TH-43,NE,Nong Khai,2020,12900.4997,0.7927,24139,24139000000,455,455000,53053
13,TH-43,NE,Nong Khai,2021,14962.5391,0.9194,25096,25096000000,455,455000,55156
3,TH-39,NE,Nongbua Lamphu,2014,5117.8156,0.2423,15395,15395000000,484,484000,31808
3,TH-39,NE,Nongbua Lamphu,2015,5686.3284,0.2692,15891,15891000000,483,483000,32901
3,TH-39,NE,Nongbua Lamphu,2016,5598.7006,0.2651,16963,16963000000,481,481000,35266
3,TH-39,NE,Nongbua Lamphu,2017,7264.3954,0.344,17152,17152000000,480,480000,35733
3,TH-39,NE,Nongbua Lamphu,2018,7657.3606,0.3626,18553,18553000000,478,478000,38814
3,TH-39,NE,Nongbua Lamphu,2019,7978.0649,0.3777,18080,18080000000,476,476000,37983
3,TH-39,NE,Nongbua Lamphu,2020,9409.6864,0.4455,17234,17234000000,474,474000,36359
3,TH-39,NE,Nongbua Lamphu,2021,11141.8519,0.5275,18061,18061000000,472,472000,38265
0,TH-45,NE,Roi Et,2014,10367.5018,0.2761,40204,40204000000,1084,1084000,37089
0,TH-45,NE,Roi Et,2015,12050.7707,0.3209,40873,40873000000,1084,1084000,37706
0,TH-45,NE,Roi Et,2016,11931.435,0.3178,42244,42244000000,1079,1079000,39151
0,TH-45,NE,Roi Et,2017,17748.8751,0.4727,43890,43890000000,1073,1073000,40904
0,TH-45,NE,Roi Et,2018,18810.6513,0.501,45204,45204000000,1068,1068000,42326
0,TH-45,NE,Roi Et,2019,18751.4409,0.4994,44188,44188000000,1062,1062000,41608
0,TH-45,NE,Roi Et,2020,22672.8425,0.6038,45580,45580000000,1056,1056000,43163
0,TH-45,NE,Roi Et,2021,27716.3738,0.7381,46628,46628000000,1050,1050000,44408
24,TH-47,NE,Sakon Nakhon,2014,8879.4038,0.1897,29899,29899000000,937,937000,31909
24,TH-47,NE,Sakon Nakhon,2015,10292.5525,0.2199,30798,30798000000,936,936000,32904
24,TH-47,NE,Sakon Nakhon,2016,10453.0101,0.2233,33157,33157000000,932,932000,35576
24,TH-47,NE,Sakon Nakhon,2017,15794.4035,0.3374,33673,33673000000,929,929000,36247
24,TH-47,NE,Sakon Nakhon,2018,16173.5893,0.3455,34790,34790000000,925,925000,37611
24,TH-47,NE,Sakon Nakhon,2019,16021.0207,0.3423,34643,34643000000,922,922000,37574
24,TH-47,NE,Sakon Nakhon,2020,19978.1831,0.4268,36375,36375000000,918,918000,39624
24,TH-47,NE,Sakon Nakhon,2021,25669.9624,0.5484,37075,37075000000,914,914000,40563
12,TH-33,NE,Si Sa Ket,2014,7733.9234,0.1794,36857,36857000000,1028,1028000,35853
12,TH-33,NE,Si Sa Ket,2015,8701.8126,0.2019,38092,38092000000,1021,1021000,37309
12,TH-33,NE,Si Sa Ket,2016,8823.0209,0.2047,39594,39594000000,1006,1006000,39358
12,TH-33,NE,Si Sa Ket,2017,13000.9136,0.3017,40842,40842000000,993,993000,41130
12,TH-33,NE,Si Sa Ket,2018,14653.3242,0.34,41807,41807000000,980,980000,42660
12,TH-33,NE,Si Sa Ket,2019,15710.417,0.3645,40061,40061000000,968,968000,41385
12,TH-33,NE,Si Sa Ket,2020,18870.2702,0.4378,41947,41947000000,956,956000,43878
12,TH-33,NE,Si Sa Ket,2021,22985.5705,0.5333,42648,42648000000,944,944000,45178
5,TH-32,NE,Surin,2014,7725.221,0.183,40482,40482000000,1106,1106000,36602
5,TH-32,NE,Surin,2015,9159.9188,0.217,42506,42506000000,1101,1101000,38607
5,TH-32,NE,Surin,2016,9948.6076,0.2357,43551,43551000000,1092,1092000,39882
5,TH-32,NE,Surin,2017,13942.408,0.3303,44598,44598000000,1084,1084000,41142
5,TH-32,NE,Surin,2018,15899.1267,0.3767,47496,47496000000,1076,1076000,44141
5,TH-32,NE,Surin,2019,17027.1234,0.4034,47208,47208000000,1067,1067000,44244
5,TH-32,NE,Surin,2020,18559.429,0.4397,49255,49255000000,1058,1058000,46555
5,TH-32,NE,Surin,2021,22285.3606,0.528,49620,49620000000,1050,1050000,47257
41,TH-34,NE,Ubon Ratchathani,2014,16258.5272,0.219,65343,65343000000,1742,1742000,37510
41,TH-34,NE,Ubon Ratchathani,2015,18376.9229,0.2475,69783,69783000000,1741,1741000,40082
41,TH-34,NE,Ubon Ratchathani,2016,18470.788,0.2488,72986,72986000000,1739,1739000,41970
41,TH-34,NE,Ubon Ratchathani,2017,25082.2758,0.3378,77070,77070000000,1739,1739000,44319
41,TH-34,NE,Ubon Ratchathani,2018,25838.0923,0.348,76485,76485000000,1738,1738000,44007
41,TH-34,NE,Ubon Ratchathani,2019,26566.9424,0.3578,76531,76531000000,1737,1737000,44059
41,TH-34,NE,Ubon Ratchathani,2020,30497.4284,0.4108,78127,78127000000,1735,1735000,45030
41,TH-34,NE,Ubon Ratchathani,2021,37698.7697,0.5078,80456,80456000000,1733,1733000,46426
23,TH-41,NE,Udon Thani,2014,16415.2901,0.3109,65708,65708000000,1280,1280000,51334
23,TH-41,NE,Udon Thani,2015,18760.534,0.3553,67665,67665000000,1278,1278000,52946
23,TH-41,NE,Udon Thani,2016,18670.1123,0.3536,68264,68264000000,1273,1273000,53625
23,TH-41,NE,Udon Thani,2017,24477.7832,0.4636,69277,69277000000,1270,1270000,54549
23,TH-41,NE,Udon Thani,2018,25984.8294,0.4922,71375,71375000000,1266,1266000,56378
23,TH-41,NE,Udon Thani,2019,25866.7008,0.4899,71726,71726000000,1262,1262000,56835
23,TH-41,NE,Udon Thani,2020,29588.6096,0.5604,68995,68995000000,1257,1257000,54889
23,TH-41,NE,Udon Thani,2021,33584.7946,0.6361,71089,71089000000,1253,1253000,56735
31,TH-35,NE,Yasothon,2014,4787.4991,0.2408,15675,15675000000,477,477000,32862
31,TH-35,NE,Yasothon,2015,5718.9719,0.2877,15405,15405000000,474,474000,32500
31,TH-35,NE,Yasothon,2016,5402.0226,0.2717,16139,16139000000,470,470000,34338
31,TH-35,NE,Yasothon,2017,7705.0458,0.3876,16225,16225000000,467,467000,34743
31,TH-35,NE,Yasothon,2018,7884.9574,0.3967,16779,16779000000,463,463000,36240
31,TH-35,NE,Yasothon,2019,8107.0152,0.4078,16689,16689000000,459,459000,36359
31,TH-35,NE,Yasothon,2020,9429.2169,0.4743,17636,17636000000,455,455000,38760
31,TH-35,NE,Yasothon,2021,12082.1154,0.6078,18311,18311000000,451,451000,40601
65,TH-50,NO,Chiang Mai,2014,36000.6176,0.3215,123676,124000000000,1770,1770000,69873
65,TH-50,NO,Chiang Mai,2015,40131.996,0.3584,127440,127000000000,1779,1779000,71636
65,TH-50,NO,Chiang Mai,2016,38427.8372,0.3432,135350,135000000000,1787,1787000,75741
65,TH-50,NO,Chiang Mai,2017,44544.0136,0.3978,141094,141000000000,1796,1796000,78560
65,TH-50,NO,Chiang Mai,2018,47060.9448,0.4203,147257,147000000000,1805,1805000,81583
65,TH-50,NO,Chiang Mai,2019,49161.9847,0.4391,151983,152000000000,1803,1803000,84295
65,TH-50,NO,Chiang Mai,2020,51309.208,0.4583,142780,143000000000,1801,1801000,79278
65,TH-50,NO,Chiang Mai,2021,52659.0459,0.4703,141701,142000000000,1798,1798000,78810
25,TH-57,NO,Chiang Rai,2014,16862.458,0.2978,50354,50354000000,1164,1164000,43259
25,TH-57,NO,Chiang Rai,2015,19753.5833,0.3488,51317,51317000000,1162,1162000,44163
25,TH-57,NO,Chiang Rai,2016,19133.4692,0.3379,52466,52466000000,1160,1160000,45229
25,TH-57,NO,Chiang Rai,2017,24405.4705,0.431,54822,54822000000,1158,1158000,47342
25,TH-57,NO,Chiang Rai,2018,25376.2749,0.4481,54575,54575000000,1156,1156000,47210
25,TH-57,NO,Chiang Rai,2019,28179.5629,0.4976,54261,54261000000,1151,1151000,47142
25,TH-57,NO,Chiang Rai,2020,31554.2758,0.5572,51818,51818000000,1147,1147000,45177
25,TH-57,NO,Chiang Rai,2021,33584.0758,0.593,52763,52763000000,1142,1142000,46202
36,TH-62,NO,Kam Phaeng Phet,2014,11363.246,0.2769,59081,59081000000,789,789000,74881
36,TH-62,NO,Kam Phaeng Phet,2015,13693.7307,0.3337,60816,60816000000,787,787000,77276
36,TH-62,NO,Kam Phaeng Phet,2016,13878.4807,0.3382,64681,64681000000,785,785000,82396
36,TH-62,NO,Kam Phaeng Phet,2017,17726.756,0.432,65486,65486000000,783,783000,83635
36,TH-62,NO,Kam Phaeng Phet,2018,18134.8897,0.442,68290,68290000000,781,781000,87439
36,TH-62,NO,Kam Phaeng Phet,2019,18996.9467,0.463,70162,70162000000,781,781000,89836
36,TH-62,NO,Kam Phaeng Phet,2020,20517.8781,0.5,64489,64489000000,781,781000,82572
36,TH-62,NO,Kam Phaeng Phet,2021,25371.5365,0.6183,63289,63289000000,781,781000,81036
37,TH-52,NO,Lampang,2014,13393.0288,0.2148,40948,40948000000,732,732000,55940
37,TH-52,NO,Lampang,2015,15504.5199,0.2486,40386,40386000000,729,729000,55399
37,TH-52,NO,Lampang,2016,14917.2668,0.2392,41177,41177000000,723,723000,56953
37,TH-52,NO,Lampang,2017,19466.3936,0.3122,42072,42072000000,720,720000,58433
37,TH-52,NO,Lampang,2018,21107.1,0.3385,42360,42360000000,714,714000,59328
37,TH-52,NO,Lampang,2019,22767.4442,0.3651,41824,41824000000,709,709000,58990
37,TH-52,NO,Lampang,2020,24737.615,0.3967,40783,40783000000,704,704000,57930
37,TH-52,NO,Lampang,2021,27054.5826,0.4338,41756,41756000000,698,698000,59822
28,TH-51,NO,Lamphun,2014,8206.4119,0.3994,46480,46480000000,405,405000,114765
28,TH-51,NO,Lamphun,2015,9566.8271,0.4656,42305,42305000000,403,403000,104975
28,TH-51,NO,Lamphun,2016,9505.8585,0.4627,42814,42814000000,402,402000,106502
28,TH-51,NO,Lamphun,2017,11307.1406,0.5503,47290,47290000000,402,402000,117637
28,TH-51,NO,Lamphun,2018,12069.205,0.5874,50475,50475000000,399,399000,126504
28,TH-51,NO,Lamphun,2019,12776.7102,0.6219,49966,49966000000,396,396000,126177
28,TH-51,NO,Lamphun,2020,13668.8434,0.6653,50552,50552000000,394,394000,128305
28,TH-51,NO,Lamphun,2021,14286.8392,0.6954,55177,55177000000,391,391000,141118
74,TH-58,NO,Mae Hong Son,2014,1762.3877,0.0267,5892,5892000000,224,224000,26304
74,TH-58,NO,Mae Hong Son,2015,2002.8467,0.0303,6542,6542000000,228,228000,28693
74,TH-58,NO,Mae Hong Son,2016,1948.3984,0.0295,6574,6574000000,229,229000,28707
74,TH-58,NO,Mae Hong Son,2017,2602.2518,0.0394,6791,6791000000,233,233000,29146
74,TH-58,NO,Mae Hong Son,2018,2777.288,0.042,7041,7041000000,235,235000,29962
74,TH-58,NO,Mae Hong Son,2019,2825.2195,0.0428,7824,7824000000,237,237000,33013
74,TH-58,NO,Mae Hong Son,2020,3170.1793,0.048,7699,7699000000,239,239000,32213
74,TH-58,NO,Mae Hong Son,2021,3229.985,0.0489,7808,7808000000,241,241000,32398
2,TH-60,NO,Nakhon Sawan,2014,15056.6011,0.319,61608,61608000000,971,971000,63448
2,TH-60,NO,Nakhon Sawan,2015,17891.9451,0.3791,59736,59736000000,965,965000,61903
2,TH-60,NO,Nakhon Sawan,2016,19362.921,0.4103,56343,56343000000,956,956000,58936
2,TH-60,NO,Nakhon Sawan,2017,23880.523,0.506,59298,59298000000,947,947000,62617
2,TH-60,NO,Nakhon Sawan,2018,25107.468,0.532,63380,63380000000,938,938000,67569
2,TH-60,NO,Nakhon Sawan,2019,27156.8556,0.5754,62490,62490000000,929,929000,67266
2,TH-60,NO,Nakhon Sawan,2020,28616.0061,0.6063,58589,58589000000,920,920000,63684
2,TH-60,NO,Nakhon Sawan,2021,33596.0581,0.7119,58082,58082000000,912,912000,63686
70,TH-55,NO,Nan,2014,4567.4353,0.0755,15671,15671000000,451,451000,34747
70,TH-55,NO,Nan,2015,5431.9797,0.0898,16565,16565000000,450,450000,36811
70,TH-55,NO,Nan,2016,5234.9241,0.0866,17039,17039000000,448,448000,38033
70,TH-55,NO,Nan,2017,7217.5335,0.1194,17651,17651000000,447,447000,39488
70,TH-55,NO,Nan,2018,7441.1406,0.1231,18573,18573000000,445,445000,41737
70,TH-55,NO,Nan,2019,8258.06,0.1366,18461,18461000000,443,443000,41673
70,TH-55,NO,Nan,2020,9895.342,0.1636,18567,18567000000,441,441000,42102
70,TH-55,NO,Nan,2021,10503.0776,0.1737,19020,19020000000,439,439000,43326
1,TH-56,NO,Phayao,2014,4814.7152,0.1609,16925,16925000000,404,404000,41894
1,TH-56,NO,Phayao,2015,5710.9127,0.1908,17341,17341000000,401,401000,43244
1,TH-56,NO,Phayao,2016,5228.2735,0.1747,17409,17409000000,394,394000,44185
1,TH-56,NO,Phayao,2017,7454.8503,0.2491,18297,18297000000,389,389000,47036
1,TH-56,NO,Phayao,2018,8014.9252,0.2678,18012,18012000000,383,383000,47029
1,TH-56,NO,Phayao,2019,9270.1344,0.3097,17976,17976000000,378,378000,47556
1,TH-56,NO,Phayao,2020,10574.5493,0.3533,17372,17372000000,372,372000,46699
1,TH-56,NO,Phayao,2021,11765.6139,0.3931,17623,17623000000,367,367000,48019
10,TH-67,NO,Phetchabun,2014,12448.2569,0.2054,42159,42159000000,935,935000,45090
10,TH-67,NO,Phetchabun,2015,13620.4538,0.2248,41724,41724000000,934,934000,44672
10,TH-67,NO,Phetchabun,2016,13767.3554,0.2272,43162,43162000000,929,929000,46461
10,TH-67,NO,Phetchabun,2017,17869.0267,0.2949,41282,41282000000,925,925000,44629
10,TH-67,NO,Phetchabun,2018,18982.2244,0.3133,43217,43217000000,921,921000,46924
10,TH-67,NO,Phetchabun,2019,20525.1835,0.3387,43706,43706000000,916,916000,47714
10,TH-67,NO,Phetchabun,2020,21587.3869,0.3563,41400,41400000000,911,911000,45445
10,TH-67,NO,Phetchabun,2021,25845.1587,0.4265,41174,41174000000,906,906000,45446
54,TH-66,NO,Phichit,2014,6672.5193,0.3225,23119,23119000000,535,535000,43213
54,TH-66,NO,Phichit,2015,8185.2964,0.3957,20949,20949000000,532,532000,39378
54,TH-66,NO,Phichit,2016,7921.4738,0.3829,20360,20360000000,527,527000,38634
54,TH-66,NO,Phichit,2017,10483.1002,0.5067,21556,21556000000,522,522000,41295
54,TH-66,NO,Phichit,2018,11087.3496,0.536,23747,23747000000,518,518000,45844
54,TH-66,NO,Phichit,2019,11911.9255,0.5758,23079,23079000000,515,515000,44814
54,TH-66,NO,Phichit,2020,13217.3636,0.6389,22032,22032000000,511,511000,43115
54,TH-66,NO,Phichit,2021,16365.7441,0.7911,22178,22178000000,507,507000,43744
21,TH-65,NO,Phitsanulok,2014,14090.0253,0.2702,46893,46893000000,901,901000,52046
21,TH-65,NO,Phitsanulok,2015,17537.4974,0.3363,46111,46111000000,898,898000,51349
21,TH-65,NO,Phitsanulok,2016,17220.4086,0.3303,46190,46190000000,898,898000,51437
21,TH-65,NO,Phitsanulok,2017,22278.5183,0.4273,49297,49297000000,897,897000,54958
21,TH-65,NO,Phitsanulok,2018,22751.4459,0.4363,50862,50862000000,896,896000,56766
21,TH-65,NO,Phitsanulok,2019,25406.2333,0.4872,51349,51349000000,896,896000,57309
21,TH-65,NO,Phitsanulok,2020,26905.2008,0.516,48653,48653000000,896,896000,54300
21,TH-65,NO,Phitsanulok,2021,30712.3739,0.589,50745,50745000000,895,895000,56698
32,TH-54,NO,Phrae,2014,6203.0118,0.1912,15910,15910000000,410,410000,38805
32,TH-54,NO,Phrae,2015,7528.0168,0.232,15804,15804000000,405,405000,39022
32,TH-54,NO,Phrae,2016,7949.1785,0.245,16965,16965000000,399,399000,42519
32,TH-54,NO,Phrae,2017,10327.0557,0.3183,17153,17153000000,394,394000,43536
32,TH-54,NO,Phrae,2018,10869.8535,0.335,17786,17786000000,388,388000,45840
32,TH-54,NO,Phrae,2019,12524.3515,0.386,17717,17717000000,383,383000,46258
32,TH-54,NO,Phrae,2020,13746.8372,0.4237,17511,17511000000,378,378000,46325
32,TH-54,NO,Phrae,2021,14748.738,0.4546,17369,17369000000,372,372000,46691
7,TH-64,NO,Sukhothai,2014,9204.4444,0.2657,24637,24637000000,621,621000,39673
7,TH-64,NO,Sukhothai,2015,10514.2761,0.3035,23921,23921000000,618,618000,38707
7,TH-64,NO,Sukhothai,2016,10700.4252,0.3089,24928,24928000000,616,616000,40468
7,TH-64,NO,Sukhothai,2017,13369.9492,0.3859,26181,26181000000,615,615000,42571
7,TH-64,NO,Sukhothai,2018,12481.325,0.3603,28277,28277000000,613,613000,46129
7,TH-64,NO,Sukhothai,2019,13431.5188,0.3877,27442,27442000000,612,612000,44840
7,TH-64,NO,Sukhothai,2020,14182.5237,0.4094,25737,25737000000,610,610000,42192
7,TH-64,NO,Sukhothai,2021,17131.6544,0.4945,25928,25928000000,608,608000,42645
26,TH-63,NO,Tak,2014,8080.4421,0.1033,25591,25591000000,529,529000,48376
26,TH-63,NO,Tak,2015,9485.4633,0.1212,26661,26661000000,530,530000,50304
26,TH-63,NO,Tak,2016,9731.1814,0.1244,26802,26802000000,531,531000,50475
26,TH-63,NO,Tak,2017,12547.8541,0.1604,27083,27083000000,531,531000,51004
26,TH-63,NO,Tak,2018,14196.989,0.1815,31468,31468000000,532,532000,59150
26,TH-63,NO,Tak,2019,15574.0639,0.1991,35002,35002000000,534,534000,65547
26,TH-63,NO,Tak,2020,17130.454,0.219,32539,32539000000,535,535000,60821
26,TH-63,NO,Tak,2021,18745.0293,0.2396,31333,31333000000,536,536000,58457
18,TH-61,NO,Uthai Thani,2014,5374.6382,0.1706,16234,16234000000,290,290000,55979
18,TH-61,NO,Uthai Thani,2015,6226.4164,0.1977,15368,15368000000,288,288000,53361
18,TH-61,NO,Uthai Thani,2016,6064.7106,0.1925,14804,14804000000,285,285000,51944
18,TH-61,NO,Uthai Thani,2017,8085.7767,0.2567,15894,15894000000,283,283000,56163
18,TH-61,NO,Uthai Thani,2018,8194.0604,0.2601,17562,17562000000,281,281000,62498
18,TH-61,NO,Uthai Thani,2019,8604.7767,0.2732,15996,15996000000,279,279000,57333
18,TH-61,NO,Uthai Thani,2020,9122.6411,0.2896,13828,13828000000,276,276000,50101
18,TH-61,NO,Uthai Thani,2021,12842.9801,0.4077,15295,15295000000,274,274000,55821
34,TH-53,NO,Uttaradit,2014,6709.256,0.1764,20059,20059000000,429,429000,46758
34,TH-53,NO,Uttaradit,2015,8194.9196,0.2155,18498,18498000000,427,427000,43321
34,TH-53,NO,Uttaradit,2016,8175.1126,0.215,19012,19012000000,423,423000,44946
34,TH-53,NO,Uttaradit,2017,11013.5313,0.2896,22653,22653000000,419,419000,54064
34,TH-53,NO,Uttaradit,2018,11028.2691,0.29,23394,23394000000,416,416000,56236
34,TH-53,NO,Uttaradit,2019,11942.413,0.3141,22151,22151000000,412,412000,53765
34,TH-53,NO,Uttaradit,2020,13117.5892,0.345,21164,21164000000,409,409000,51746
34,TH-53,NO,Uttaradit,2021,15820.1999,0.4161,22141,22141000000,405,405000,54669
19,TH-86,SO,Chumphon,2014,8742.3558,0.3183,39993,39993000000,482,482000,82973
19,TH-86,SO,Chumphon,2015,9053.5381,0.3296,38303,38303000000,486,486000,78813
19,TH-86,SO,Chumphon,2016,9728.9339,0.3542,42793,42793000000,490,490000,87333
19,TH-86,SO,Chumphon,2017,12082.6666,0.4399,42370,42370000000,494,494000,85769
19,TH-86,SO,Chumphon,2018,13130.9839,0.478,46234,46234000000,498,498000,92839
19,TH-86,SO,Chumphon,2019,13343.5572,0.4858,55820,55820000000,499,499000,111864
19,TH-86,SO,Chumphon,2020,14482.3367,0.5272,57228,57228000000,500,500000,114456
19,TH-86,SO,Chumphon,2021,15968.9438,0.5813,57900,57900000000,501,501000,115569
63,TH-81,SO,Krabi,2014,7683.1234,0.3745,48645,48645000000,395,395000,123152
63,TH-81,SO,Krabi,2015,8017.7152,0.3908,48809,48809000000,403,403000,121114
63,TH-81,SO,Krabi,2016,8612.1415,0.4198,49889,49889000000,410,410000,121680
63,TH-81,SO,Krabi,2017,11439.8855,0.5576,52357,52357000000,415,415000,126161
63,TH-81,SO,Krabi,2018,11885.2878,0.5793,52084,52084000000,418,418000,124603
63,TH-81,SO,Krabi,2019,12759.9072,0.622,51572,51572000000,421,421000,122499
63,TH-81,SO,Krabi,2020,14662.5218,0.7147,41789,41789000000,424,424000,98559
63,TH-81,SO,Krabi,2021,16023.1946,0.781,40557,40557000000,428,428000,94759
59,TH-80,SO,Nakhon Si Thammarat,2014,19300.0859,0.4021,90744,90744000000,1478,1478000,61396
59,TH-80,SO,Nakhon Si Thammarat,2015,20227.2054,0.4214,89873,89873000000,1485,1485000,60521
59,TH-80,SO,Nakhon Si Thammarat,2016,21856.3856,0.4553,91618,91618000000,1493,1493000,61365
59,TH-80,SO,Nakhon Si Thammarat,2017,25175.7381,0.5245,94349,94349000000,1500,1500000,62899
59,TH-80,SO,Nakhon Si Thammarat,2018,26386.0822,0.5497,96660,96660000000,1507,1507000,64141
59,TH-80,SO,Nakhon Si Thammarat,2019,27200.425,0.5666,104614,105000000000,1511,1511000,69235
59,TH-80,SO,Nakhon Si Thammarat,2020,28936.6017,0.6028,104355,104000000000,1515,1515000,68881
59,TH-80,SO,Nakhon Si Thammarat,2021,33354.7545,0.6948,105744,106000000000,1519,1519000,69614
40,TH-96,SO,Narathiwat,2014,9092.1382,0.4402,21331,21331000000,701,701000,30429
40,TH-96,SO,Narathiwat,2015,9662.278,0.4678,21079,21079000000,709,709000,29731
40,TH-96,SO,Narathiwat,2016,10637.5589,0.515,21700,21700000000,714,714000,30392
40,TH-96,SO,Narathiwat,2017,12173.4675,0.5893,20357,20357000000,717,717000,28392
40,TH-96,SO,Narathiwat,2018,13427.7693,0.6501,23036,23036000000,721,721000,31950
40,TH-96,SO,Narathiwat,2019,13130.509,0.6357,22739,22739000000,725,725000,31364
40,TH-96,SO,Narathiwat,2020,14538.373,0.7038,21393,21393000000,729,729000,29346
40,TH-96,SO,Narathiwat,2021,17100.184,0.8278,22383,22383000000,733,733000,30536
57,TH-94,SO,Pattani,2014,8838.2863,0.9717,36153,36153000000,628,628000,57568
57,TH-94,SO,Pattani,2015,10148.889,1.1157,35653,35653000000,632,632000,56413
57,TH-94,SO,Pattani,2016,11254.9407,1.2373,37436,37436000000,635,635000,58954
57,TH-94,SO,Pattani,2017,12822.4226,1.4097,30546,30546000000,639,639000,47803
57,TH-94,SO,Pattani,2018,14149.9763,1.5556,32408,32408000000,641,641000,50559
57,TH-94,SO,Pattani,2019,13784.8471,1.5155,32854,32854000000,644,644000,51016
57,TH-94,SO,Pattani,2020,15194.587,1.6704,31345,31345000000,646,646000,48522
57,TH-94,SO,Pattani,2021,16532.2915,1.8175,32014,32014000000,648,648000,49404
56,TH-82,SO,Phangnga,2014,6195.2051,0.3431,28172,28172000000,254,254000,110913
56,TH-82,SO,Phangnga,2015,6689.8744,0.3705,34656,34656000000,253,253000,136980
56,TH-82,SO,Phangnga,2016,7233.3955,0.4006,36498,36498000000,252,252000,144833
56,TH-82,SO,Phangnga,2017,8256.5066,0.4573,39832,39832000000,251,251000,158693
56,TH-82,SO,Phangnga,2018,8533.405,0.4726,40729,40729000000,250,250000,162916
56,TH-82,SO,Phangnga,2019,9183.1072,0.5086,41706,41706000000,250,250000,166824
56,TH-82,SO,Phangnga,2020,10800.3334,0.5982,29503,29503000000,250,250000,118012
56,TH-82,SO,Phangnga,2021,12067.9152,0.6684,26408,26408000000,249,249000,106056
55,TH-93,SO,Phatthalung,2014,5998.8848,0.3854,18419,18419000000,486,486000,37899
55,TH-93,SO,Phatthalung,2015,6858.7051,0.4407,18562,18562000000,488,488000,38037
55,TH-93,SO,Phatthalung,2016,7172.1224,0.4608,20055,20055000000,489,489000,41012
55,TH-93,SO,Phatthalung,2017,8591.3695,0.552,19435,19435000000,490,490000,39663
55,TH-93,SO,Phatthalung,2018,10081.1992,0.6477,20601,20601000000,492,492000,41872
55,TH-93,SO,Phatthalung,2019,11207.2033,0.7201,20588,20588000000,492,492000,41846
55,TH-93,SO,Phatthalung,2020,12054.7843,0.7745,20663,20663000000,492,492000,41998
55,TH-93,SO,Phatthalung,2021,14162.6003,0.9099,21165,21165000000,492,492000,43018
44,TH-83,SO,Phuket,2014,16568.5535,7.0326,116369,116000000000,552,552000,210813
44,TH-83,SO,Phuket,2015,16813.9433,7.1367,129894,130000000000,559,559000,232369
44,TH-83,SO,Phuket,2016,18064.54,7.6676,145042,145000000000,566,566000,256258
44,TH-83,SO,Phuket,2017,19518.779,8.2848,151683,152000000000,573,573000,264717
44,TH-83,SO,Phuket,2018,19721.7428,8.371,163872,164000000000,580,580000,282538
44,TH-83,SO,Phuket,2019,21399.4148,9.0831,169771,170000000000,588,588000,288726
44,TH-83,SO,Phuket,2020,21586.5656,9.1625,101153,101000000000,595,595000,170005
44,TH-83,SO,Phuket,2021,21091.8755,8.9525,74304,74304000000,602,602000,123429
22,TH-85,SO,Ranong,2014,3607.0342,0.2396,17352,17352000000,259,259000,66996
22,TH-85,SO,Ranong,2015,3780.9535,0.2511,16742,16742000000,261,261000,64146
22,TH-85,SO,Ranong,2016,3864.27,0.2566,17942,17942000000,264,264000,67962
22,TH-85,SO,Ranong,2017,4883.9616,0.3244,18680,18680000000,267,267000,69963
22,TH-85,SO,Ranong,2018,5302.0093,0.3521,19436,19436000000,269,269000,72253
22,TH-85,SO,Ranong,2019,5419.6903,0.36,18652,18652000000,274,274000,68073
22,TH-85,SO,Ranong,2020,6194.4542,0.4114,19490,19490000000,279,279000,69857
22,TH-85,SO,Ranong,2021,6887.0998,0.4574,18631,18631000000,283,283000,65834
76,TH-91,SO,Satun,2014,6435.7637,0.5293,22421,22421000000,281,281000,79790
76,TH-91,SO,Satun,2015,6899.8191,0.5675,22488,22488000000,283,283000,79463
76,TH-91,SO,Satun,2016,7406.8909,0.6092,21878,21878000000,286,286000,76497
76,TH-91,SO,Satun,2017,8823.1513,0.7257,20630,20630000000,288,288000,71632
76,TH-91,SO,Satun,2018,9706.0379,0.7983,20146,20146000000,290,290000,69469
76,TH-91,SO,Satun,2019,9809.2411,0.8068,20485,20485000000,293,293000,69915
76,TH-91,SO,Satun,2020,10764.4541,0.8854,21200,21200000000,295,295000,71864
76,TH-91,SO,Satun,2021,12825.9529,1.0549,20978,20978000000,297,297000,70633
43,TH-90,SO,Songkhla,2014,30606.0049,0.888,154915,155000000000,1564,1564000,99051
43,TH-90,SO,Songkhla,2015,33402.8146,0.9691,162760,163000000000,1585,1585000,102688
43,TH-90,SO,Songkhla,2016,34924.9735,1.0133,165077,165000000000,1607,1607000,102724
43,TH-90,SO,Songkhla,2017,39847.6306,1.1561,159844,160000000000,1620,1620000,98669
43,TH-90,SO,Songkhla,2018,42914.8393,1.2451,166454,166000000000,1635,1635000,101807
43,TH-90,SO,Songkhla,2019,43810.3732,1.2711,160565,161000000000,1649,1649000,97371
43,TH-90,SO,Songkhla,2020,46539.9154,1.3503,155613,156000000000,1663,1663000,93574
43,TH-90,SO,Songkhla,2021,48852.4325,1.4173,158478,158000000000,1676,1676000,94557
11,TH-84,SO,Surat Thani,2014,20821.218,0.3288,110473,110000000000,1089,1089000,101444
11,TH-84,SO,Surat Thani,2015,20864.1498,0.3295,114998,115000000000,1109,1109000,103695
11,TH-84,SO,Surat Thani,2016,22301.3721,0.3522,117658,118000000000,1128,1128000,104307
11,TH-84,SO,Surat Thani,2017,27474.8835,0.4339,123349,123000000000,1126,1126000,109546
11,TH-84,SO,Surat Thani,2018,29629.2909,0.4679,123962,124000000000,1134,1134000,109314
11,TH-84,SO,Surat Thani,2019,29874.6171,0.4718,124205,124000000000,1142,1142000,108761
11,TH-84,SO,Surat Thani,2020,33040.3966,0.5218,106003,106000000000,1150,1150000,92177
11,TH-84,SO,Surat Thani,2021,34399.032,0.5433,103051,103000000000,1157,1157000,89067
47,TH-92,SO,Trang,2014,9755.7414,0.44,39917,39917000000,618,618000,64591
47,TH-92,SO,Trang,2015,10636.622,0.4797,38778,38778000000,622,622000,62344
47,TH-92,SO,Trang,2016,11533.1092,0.5201,40391,40391000000,625,625000,64626
47,TH-92,SO,Trang,2017,14087.5375,0.6353,40568,40568000000,628,628000,64599
47,TH-92,SO,Trang,2018,15595.5997,0.7033,38830,38830000000,630,630000,61635
47,TH-92,SO,Trang,2019,15650.3895,0.7058,38070,38070000000,631,631000,60333
47,TH-92,SO,Trang,2020,17401.6216,0.7848,38526,38526000000,632,632000,60959
47,TH-92,SO,Trang,2021,19764.7117,0.8914,39320,39320000000,632,632000,62215
33,TH-95,SO,Yala,2014,7837.3003,0.3696,22666,22666000000,453,453000,50035
33,TH-95,SO,Yala,2015,8609.3648,0.4061,22114,22114000000,459,459000,48179
33,TH-95,SO,Yala,2016,9332.502,0.4402,23452,23452000000,462,462000,50762
33,TH-95,SO,Yala,2017,10723.4109,0.5058,22451,22451000000,465,465000,48282
33,TH-95,SO,Yala,2018,11979.8099,0.565,24833,24833000000,468,468000,53062
33,TH-95,SO,Yala,2019,11208.3591,0.5286,24785,24785000000,472,472000,52511
33,TH-95,SO,Yala,2020,12463.834,0.5878,25352,25352000000,475,475000,53373
33,TH-95,SO,Yala,2021,15514.3166,0.7317,25884,25884000000,478,478000,54151
73,TH-71,WE,Kanchanaburi,2014,18831.8997,0.1995,57978,57978000000,815,815000,71139
73,TH-71,WE,Kanchanaburi,2015,22614.1448,0.2396,58240,58240000000,818,818000,71198
73,TH-71,WE,Kanchanaburi,2016,23224.2748,0.246,58790,58790000000,822,822000,71521
73,TH-71,WE,Kanchanaburi,2017,27365.4161,0.2899,60455,60455000000,825,825000,73279
73,TH-71,WE,Kanchanaburi,2018,27834.9491,0.2949,68048,68048000000,829,829000,82084
73,TH-71,WE,Kanchanaburi,2019,30020.8295,0.318,68646,68646000000,830,830000,82706
73,TH-71,WE,Kanchanaburi,2020,31231.5413,0.3309,63407,63407000000,832,832000,76210
73,TH-71,WE,Kanchanaburi,2021,36019.0557,0.3816,64492,64492000000,833,833000,77421
42,TH-77,WE,Phachuap Khiri Khan,2014,15361.9999,0.5059,56406,56406000000,482,482000,117025
42,TH-77,WE,Phachuap Khiri Khan,2015,17023.4991,0.5606,57397,57397000000,486,486000,118101
42,TH-77,WE,Phachuap Khiri Khan,2016,17262.2339,0.5685,59522,59522000000,489,489000,121722
42,TH-77,WE,Phachuap Khiri Khan,2017,20024.229,0.6594,65442,65442000000,488,488000,134102
42,TH-77,WE,Phachuap Khiri Khan,2018,21672.5345,0.7137,68925,68925000000,488,488000,141240
42,TH-77,WE,Phachuap Khiri Khan,2019,22676.886,0.7468,69440,69440000000,488,488000,142295
42,TH-77,WE,Phachuap Khiri Khan,2020,24388.939,0.8032,63441,63441000000,488,488000,130002
42,TH-77,WE,Phachuap Khiri Khan,2021,26246.6658,0.8643,64648,64648000000,487,487000,132747
8,TH-76,WE,Phetchaburi,2014,21974.5242,0.7363,38429,38429000000,488,488000,78748
8,TH-76,WE,Phetchaburi,2015,24961.278,0.8364,38596,38596000000,492,492000,78447
8,TH-76,WE,Phetchaburi,2016,25842.2706,0.8659,39218,39218000000,496,496000,79069
8,TH-76,WE,Phetchaburi,2017,28301.4437,0.9483,42532,42532000000,498,498000,85406
8,TH-76,WE,Phetchaburi,2018,29852.0497,1.0002,43344,43344000000,499,499000,86862
8,TH-76,WE,Phetchaburi,2019,30885.6236,1.0349,45410,45410000000,500,500000,90820
8,TH-76,WE,Phetchaburi,2020,32368.101,1.0845,42980,42980000000,501,501000,85788
8,TH-76,WE,Phetchaburi,2021,33813.5028,1.133,43536,43536000000,502,502000,86725
30,TH-70,WE,Ratchaburi,2014,26232.5922,1.0312,99889,99889000000,805,805000,124086
30,TH-70,WE,Ratchaburi,2015,28074.5339,1.1036,103406,103000000000,807,807000,128136
30,TH-70,WE,Ratchaburi,2016,28740.4119,1.1298,104317,104000000000,809,809000,128946
30,TH-70,WE,Ratchaburi,2017,31785.9547,1.2495,104553,105000000000,811,811000,128919
30,TH-70,WE,Ratchaburi,2018,33360.8276,1.3114,105298,105000000000,813,813000,129518
30,TH-70,WE,Ratchaburi,2019,34859.2082,1.3703,102672,103000000000,813,813000,126288
30,TH-70,WE,Ratchaburi,2020,36927.8405,1.4516,96166,96166000000,812,812000,118431
30,TH-70,WE,Ratchaburi,2021,41469.7155,1.6301,97458,97458000000,811,811000,120170
50,TH-75,WE,Samut Songkhram,2014,4846.4362,2.4833,12305,12305000000,185,185000,66514
50,TH-75,WE,Samut Songkhram,2015,5304.0577,2.7178,12535,12535000000,185,185000,67757
50,TH-75,WE,Samut Songkhram,2016,5482.94,2.8095,12607,12607000000,184,184000,68516
50,TH-75,WE,Samut Songkhram,2017,6891.5074,3.5312,14833,14833000000,183,183000,81055
50,TH-75,WE,Samut Songkhram,2018,8085.8831,4.1432,15474,15474000000,182,182000,85022
50,TH-75,WE,Samut Songkhram,2019,8330.331,4.2685,16023,16023000000,181,181000,88525
50,TH-75,WE,Samut Songkhram,2020,8503.1918,4.3571,16104,16104000000,179,179000,89966
50,TH-75,WE,Samut Songkhram,2021,9179.2941,4.7035,16860,16860000000,178,178000,94719
48,TH-72,WE,Suphan Buri,2014,20074.5953,0.7713,46968,46968000000,850,850000,55256
48,TH-72,WE,Suphan Buri,2015,23241.5871,0.893,49387,49387000000,851,851000,58034
48,TH-72,WE,Suphan Buri,2016,24584.3887,0.9446,46365,46365000000,852,852000,54419
48,TH-72,WE,Suphan Buri,2017,28890.6428,1.11,48895,48895000000,853,853000,57321
48,TH-72,WE,Suphan Buri,2018,29696.3183,1.141,52610,52610000000,854,854000,61604
48,TH-72,WE,Suphan Buri,2019,30248.1696,1.1622,51809,51809000000,853,853000,60737
48,TH-72,WE,Suphan Buri,2020,31356.5604,1.2047,48833,48833000000,852,852000,57316
48,TH-72,WE,Suphan Buri,2021,37658.1733,1.4469,49839,49839000000,850,850000,58634
